organisation_id;subsidiary_id;organisation_size;submission_period;packaging_activity;packaging_type;packaging_class;packaging_material;packaging_material_subtype;from_country;to_country;packaging_material_weight;packaging_material_units;Row Number;Issue;Message
org_id_placeholder;123ABC456XYZ;L;2023-P2;SO;PB;B1;AL;;;;100;;2;Gwall;Rhaid i'r cyfnod amser ar gyfer cyflwyno fod yr un fath ar gyfer holl ddata pecynwaith y sefydliad yma
org_id_placeholder;12;L;2023-P2;Pf;HDC;;AL;;;;101;101;3;Gwall;Wrth roi gweithgaredd pecynnu, rhaid ichi roi un o'r codau SO, PF, IM, SE, HL neu OM
org_id_placeholder;12;L;2023-P2;PF;HDc;;AL;;;;101;101;4;Gwall;Rhaid i'r math o ddeunydd pecynwaith fod yn un o'r codau HH, NH, CW, OW, PB, RU, HDC, NDC neu SP
org_id_placeholder;A;L;2023-P2;SO;HH;p1;AL;;;;101;;5;Gwall;Wrth roi'r dosbarth pecynwaith, rhaid ichi roi un o'r codau P1, P2, P3, P4, P5, P6, O1, O2 neu B1
org_id_placeholder;A;L;2023-P2;SO;HH;P1;Al;;;;101;;6;Gwall;Rhaid i'r deunydd pecynwaith fod yn un o'r codau AL, FC, GL, PC, PL, ST, WD neu OT
org_id_placeholder;ABC123;L;2023-P2;;OW;O2;PL;;En;;101;;7;Gwall;Os gwastraff hunan-reoledig (CW neu OW) yw'r math o becynwaith, rhaid i'r wlad mae'n dod ohoni fod yn un o blith Lloegr (EN), Gogledd Iwerddon (NI), yr Alban (SC) neu Gymru (WS)
org_id_placeholder;ABC123;L;2023-P2;;OW;O2;PL;;NI;En;101;;9;Gwall;Os gwastraff hunan-reoledig (CW neu OW) yw'r math o becynwaith, a'ch bod chi'n ei anfon i wlad arall, rhaid i'r wlad mae'n cael ei anfon iddi fod yn un o blith Lloegr (EN), Gogledd Iwerddon (NI), yr Alban (SC) neu Gymru (WS)
org_id_placeholder;12;L;2023-P2;PF;HDC;;AL;;;;100.5;101;10;Gwall;Rhaid i bwysau'r deunydd pecynwaith fod yn rhif gyfan mewn cilogramau. Er enghraifft, 50,000. Peidiwch â chynnwys y geiriau 'cilogramau' neu 'kgs'.
org_id_placeholder;12;L;2023-P2;PF;HDC;;AL;;;;100;100.5;11;Gwall;Rhaid i unedau'r deunydd pecynwaith fod yn rhif cyfan
org_id_placeholder;12;L;2023-P2;;OW;O2;PL;;EN;EN;101;;13;Gwall;Ni all fod yn mynd o'r un wlad ac i'r un wlad yn y Deyrnas Unedig
org_id_placeholder;12;L;2023-P2;;CW;O1;PL;;NI;NI;101;;15;Gwall;Ni all fod yn mynd o'r un wlad ac i'r un wlad yn y Deyrnas Unedig
org_id_placeholder;ABC123;L;2023-P2;SO;HH;P1;GL;;;NI;101;;16;Gwall;Does dim angen y wlad mae'n cael ei anfon iddi ar gyfer y math yma o becynwaith
org_id_placeholder;ABC123;L;2023-P2;SO;NH;P2;GL;;;SC;101;;17;Gwall;Does dim angen y wlad mae'n cael ei anfon iddi ar gyfer y math yma o becynwaith
org_id_placeholder;ABC123;L;2023-P2;SO;PB;B1;GL;;;EN;101;;18;Gwall;Does dim angen y wlad mae'n cael ei anfon iddi ar gyfer y math yma o becynwaith
org_id_placeholder;ABC123;L;2023-P2;SO;HDC;;GL;;;NI;101;101;19;Gwall;Does dim angen y wlad mae'n cael ei anfon iddi ar gyfer y math yma o becynwaith
org_id_placeholder;ABC123;L;2023-P2;SO;NDC;;GL;;;NI;101;101;20;Gwall;Does dim angen y wlad mae'n cael ei anfon iddi ar gyfer y math yma o becynwaith
org_id_placeholder;ABC123;L;2023-P2;SO;RU;P1;GL;;;SC;101;;21;Gwall;Does dim angen y wlad mae'n cael ei anfon iddi ar gyfer y math yma o becynwaith
org_id_placeholder;ABC123;L;2023-P2;SO;NDC;;GL;;EN;;101;101;22;Gwall;Does dim angen y wlad mae'n dod ohoni ar gyfer y math yma o becynwaith
org_id_placeholder;ABC123;L;2023-P2;SO;HH;P1;GL;;NI;;101;;23;Gwall;Does dim angen y wlad mae'n dod ohoni ar gyfer y math yma o becynwaith
org_id_placeholder;ABC123;L;2023-P2;SO;NH;P2;GL;;SC;;101;;24;Gwall;Does dim angen y wlad mae'n dod ohoni ar gyfer y math yma o becynwaith
org_id_placeholder;ABC123;L;2023-P2;SO;PB;B1;GL;;EN;;101;;25;Gwall;Does dim angen y wlad mae'n dod ohoni ar gyfer y math yma o becynwaith
org_id_placeholder;ABC123;L;2023-P2;SO;HDC;;GL;;NI;;101;101;26;Gwall;Does dim angen y wlad mae'n dod ohoni ar gyfer y math yma o becynwaith
org_id_placeholder;ABC123;L;2023-P2;SO;RU;P1;GL;;SC;;101;;27;Gwall;Does dim angen y wlad mae'n dod ohoni ar gyfer y math yma o becynwaith
org_id_placeholder;XYZ123ABC;L;2023-P2;OM;HDC;;GL;;;;101;101;28;Gwall;Yn achos sefydliadau mawr (L), pan fo'r gweithgaredd pecynnu yn cael ei gyflenwi trwy farchnad ar-lein sy'n perthyn i chi (OM), rhaid i'r math o becynwaith fod yn becynwaith cartref (HH) neu becynwaith nad yw'n becynwaith cartref (NH)
org_id_placeholder;ABC123456;L;2023-P2;OM;HH;P1;GL;;;;101;;29;Gwall;Pan fo'r gweithgaredd pecynnu yn cael ei gyflenwi trwy farchnad ar-lein sy'n perthyn i chi (OM), a'r math o ddeunydd pecynwaith yw pecynwaith cartref (HH), rhaid i ddosbarth y pecynwaith fod yn gyfanswm y farchnad ar-lein (P6)
org_id_placeholder;ABC123456;L;2023-P2;OM;HH;P2;GL;;;;101;;30;Gwall;Pan fo'r gweithgaredd pecynnu yn cael ei gyflenwi trwy farchnad ar-lein sy'n perthyn i chi (OM), a'r math o ddeunydd pecynwaith yw pecynwaith cartref (HH), rhaid i ddosbarth y pecynwaith fod yn gyfanswm y farchnad ar-lein (P6)
org_id_placeholder;ABC123456;L;2023-P2;OM;HH;P3;GL;;;;101;;31;Gwall;Pan fo'r gweithgaredd pecynnu yn cael ei gyflenwi trwy farchnad ar-lein sy'n perthyn i chi (OM), a'r math o ddeunydd pecynwaith yw pecynwaith cartref (HH), rhaid i ddosbarth y pecynwaith fod yn gyfanswm y farchnad ar-lein (P6)
org_id_placeholder;ABC123456;L;2023-P2;OM;HH;P4;GL;;;;101;;32;Gwall;Pan fo'r gweithgaredd pecynnu yn cael ei gyflenwi trwy farchnad ar-lein sy'n perthyn i chi (OM), a'r math o ddeunydd pecynwaith yw pecynwaith cartref (HH), rhaid i ddosbarth y pecynwaith fod yn gyfanswm y farchnad ar-lein (P6)
org_id_placeholder;ABC123456;L;2023-P2;OM;HH;P5;GL;;;;101;;33;Gwall;Pan fo'r gweithgaredd pecynnu yn cael ei gyflenwi trwy farchnad ar-lein sy'n perthyn i chi (OM), a'r math o ddeunydd pecynwaith yw pecynwaith cartref (HH), rhaid i ddosbarth y pecynwaith fod yn gyfanswm y farchnad ar-lein (P6)
org_id_placeholder;ABC123456;L;2023-P2;OM;HH;O1;GL;;;;101;;34;Gwall;Pan fo'r gweithgaredd pecynnu yn cael ei gyflenwi trwy farchnad ar-lein sy'n perthyn i chi (OM), a'r math o ddeunydd pecynwaith yw pecynwaith cartref (HH), rhaid i ddosbarth y pecynwaith fod yn gyfanswm y farchnad ar-lein (P6)
org_id_placeholder;ABC123456;L;2023-P2;OM;HH;O2;GL;;;;101;;35;Gwall;Pan fo'r gweithgaredd pecynnu yn cael ei gyflenwi trwy farchnad ar-lein sy'n perthyn i chi (OM), a'r math o ddeunydd pecynwaith yw pecynwaith cartref (HH), rhaid i ddosbarth y pecynwaith fod yn gyfanswm y farchnad ar-lein (P6)
org_id_placeholder;ABC123456;L;2023-P2;OM;HH;B1;GL;;;;101;;36;Gwall;Pan fo'r gweithgaredd pecynnu yn cael ei gyflenwi trwy farchnad ar-lein sy'n perthyn i chi (OM), a'r math o ddeunydd pecynwaith yw pecynwaith cartref (HH), rhaid i ddosbarth y pecynwaith fod yn gyfanswm y farchnad ar-lein (P6)
org_id_placeholder;ABC123456;L;2023-P2;OM;HH;;GL;;;;101;;37;Gwall;Pan fo'r gweithgaredd pecynnu yn cael ei gyflenwi trwy farchnad ar-lein sy'n perthyn i chi (OM), a'r math o ddeunydd pecynwaith yw pecynwaith cartref (HH), rhaid i ddosbarth y pecynwaith fod yn gyfanswm y farchnad ar-lein (P6)
org_id_placeholder;ABC123456;L;2023-P2;OM;NH;P1;GL;;;;101;;38;Gwall;Pan fo'r gweithgaredd pecynnu yn cael ei gyflenwi trwy farchnad ar-lein sy'n perthyn i chi (OM), a'r math o ddeunydd pecynwaith yw pecynwaith nad yw'n becynwaith cartref (NH), rhaid i ddosbarth y pecynwaith fod yn gyfanswm y farchnad ar-lein (P6)
org_id_placeholder;ABC123456;L;2023-P2;OM;NH;P2;GL;;;;101;;39;Gwall;Pan fo'r gweithgaredd pecynnu yn cael ei gyflenwi trwy farchnad ar-lein sy'n perthyn i chi (OM), a'r math o ddeunydd pecynwaith yw pecynwaith nad yw'n becynwaith cartref (NH), rhaid i ddosbarth y pecynwaith fod yn gyfanswm y farchnad ar-lein (P6)
org_id_placeholder;ABC123456;L;2023-P2;OM;NH;P3;GL;;;;101;;40;Gwall;Pan fo'r gweithgaredd pecynnu yn cael ei gyflenwi trwy farchnad ar-lein sy'n perthyn i chi (OM), a'r math o ddeunydd pecynwaith yw pecynwaith nad yw'n becynwaith cartref (NH), rhaid i ddosbarth y pecynwaith fod yn gyfanswm y farchnad ar-lein (P6)
org_id_placeholder;ABC123456;L;2023-P2;OM;NH;P4;GL;;;;101;;41;Gwall;Pan fo'r gweithgaredd pecynnu yn cael ei gyflenwi trwy farchnad ar-lein sy'n perthyn i chi (OM), a'r math o ddeunydd pecynwaith yw pecynwaith nad yw'n becynwaith cartref (NH), rhaid i ddosbarth y pecynwaith fod yn gyfanswm y farchnad ar-lein (P6)
org_id_placeholder;ABC123456;L;2023-P2;OM;NH;P5;GL;;;;101;;42;Gwall;Pan fo'r gweithgaredd pecynnu yn cael ei gyflenwi trwy farchnad ar-lein sy'n perthyn i chi (OM), a'r math o ddeunydd pecynwaith yw pecynwaith nad yw'n becynwaith cartref (NH), rhaid i ddosbarth y pecynwaith fod yn gyfanswm y farchnad ar-lein (P6)
org_id_placeholder;ABC123456;L;2023-P2;OM;NH;O1;GL;;;;101;;43;Gwall;Pan fo'r gweithgaredd pecynnu yn cael ei gyflenwi trwy farchnad ar-lein sy'n perthyn i chi (OM), a'r math o ddeunydd pecynwaith yw pecynwaith nad yw'n becynwaith cartref (NH), rhaid i ddosbarth y pecynwaith fod yn gyfanswm y farchnad ar-lein (P6)
org_id_placeholder;ABC123456;L;2023-P2;OM;NH;O2;GL;;;;101;;44;Gwall;Pan fo'r gweithgaredd pecynnu yn cael ei gyflenwi trwy farchnad ar-lein sy'n perthyn i chi (OM), a'r math o ddeunydd pecynwaith yw pecynwaith nad yw'n becynwaith cartref (NH), rhaid i ddosbarth y pecynwaith fod yn gyfanswm y farchnad ar-lein (P6)
org_id_placeholder;ABC123456;L;2023-P2;OM;NH;B1;GL;;;;101;;45;Gwall;Pan fo'r gweithgaredd pecynnu yn cael ei gyflenwi trwy farchnad ar-lein sy'n perthyn i chi (OM), a'r math o ddeunydd pecynwaith yw pecynwaith nad yw'n becynwaith cartref (NH), rhaid i ddosbarth y pecynwaith fod yn gyfanswm y farchnad ar-lein (P6)
org_id_placeholder;ABC123456;L;2023-P2;OM;NH;;GL;;;;101;;46;Gwall;Pan fo'r gweithgaredd pecynnu yn cael ei gyflenwi trwy farchnad ar-lein sy'n perthyn i chi (OM), a'r math o ddeunydd pecynwaith yw pecynwaith nad yw'n becynwaith cartref (NH), rhaid i ddosbarth y pecynwaith fod yn gyfanswm y farchnad ar-lein (P6)
org_id_placeholder;ABC123456;L;2023-P2;SO;NH;P5;GL;;;;101;;47;Gwall;Os pecynwaith nad yw'n becynwaith cartref yw'r math o becynwaith, rhaid i ddosbarth y pecynwaith fod yn un o'r codau P1, P2, P3 neu P4
org_id_placeholder;ABC123456;L;2023-P2;PF;NH;P6;GL;;;;101;;48;Gwall;Os pecynwaith nad yw'n becynwaith cartref yw'r math o becynwaith, rhaid i ddosbarth y pecynwaith fod yn un o'r codau P1, P2, P3 neu P4
org_id_placeholder;ABC123456;L;2023-P2;IM;NH;O1;GL;;;;101;;49;Gwall;Os pecynwaith nad yw'n becynwaith cartref yw'r math o becynwaith, rhaid i ddosbarth y pecynwaith fod yn un o'r codau P1, P2, P3 neu P4
org_id_placeholder;ABC123456;L;2023-P2;SE;NH;O2;GL;;;;101;;50;Gwall;Os pecynwaith nad yw'n becynwaith cartref yw'r math o becynwaith, rhaid i ddosbarth y pecynwaith fod yn un o'r codau P1, P2, P3 neu P4
org_id_placeholder;ABC123456;L;2023-P2;SO;NH;B1;GL;;;;101;;51;Gwall;Os pecynwaith nad yw'n becynwaith cartref yw'r math o becynwaith, rhaid i ddosbarth y pecynwaith fod yn un o'r codau P1, P2, P3 neu P4
org_id_placeholder;ABC123456;L;2023-P2;SE;NH;;GL;;;;101;;52;Gwall;Os pecynwaith nad yw'n becynwaith cartref yw'r math o becynwaith, rhaid i ddosbarth y pecynwaith fod yn un o'r codau P1, P2, P3 neu P4
org_id_placeholder;ABC123456;L;2023-P2;;CW;P1;PL;;EN;;101;;53;Gwall;Gwastraff defnyddwyr hunan-reoledig (CW) yw'r math o becynwaith, felly gwastraff defnyddwyr hunan-reoledig - i gyd (O1) yw'r unig ddosbarth pecynwaith sy'n bosibl
org_id_placeholder;ABC123456;L;2023-P2;;CW;P2;PL;;EN;;101;;54;Gwall;Gwastraff defnyddwyr hunan-reoledig (CW) yw'r math o becynwaith, felly gwastraff defnyddwyr hunan-reoledig - i gyd (O1) yw'r unig ddosbarth pecynwaith sy'n bosibl
org_id_placeholder;ABC123456;L;2023-P2;;CW;P3;PL;;EN;;101;;55;Gwall;Gwastraff defnyddwyr hunan-reoledig (CW) yw'r math o becynwaith, felly gwastraff defnyddwyr hunan-reoledig - i gyd (O1) yw'r unig ddosbarth pecynwaith sy'n bosibl
org_id_placeholder;ABC123456;L;2023-P2;;CW;P4;PL;;EN;;101;;56;Gwall;Gwastraff defnyddwyr hunan-reoledig (CW) yw'r math o becynwaith, felly gwastraff defnyddwyr hunan-reoledig - i gyd (O1) yw'r unig ddosbarth pecynwaith sy'n bosibl
org_id_placeholder;ABC123456;L;2023-P2;;CW;P5;PL;;EN;;101;;57;Gwall;Gwastraff defnyddwyr hunan-reoledig (CW) yw'r math o becynwaith, felly gwastraff defnyddwyr hunan-reoledig - i gyd (O1) yw'r unig ddosbarth pecynwaith sy'n bosibl
org_id_placeholder;ABC123456;L;2023-P2;;CW;P6;PL;;EN;;101;;58;Gwall;Gwastraff defnyddwyr hunan-reoledig (CW) yw'r math o becynwaith, felly gwastraff defnyddwyr hunan-reoledig - i gyd (O1) yw'r unig ddosbarth pecynwaith sy'n bosibl
org_id_placeholder;ABC123456;L;2023-P2;;CW;O2;PL;;EN;;101;;59;Gwall;Gwastraff defnyddwyr hunan-reoledig (CW) yw'r math o becynwaith, felly gwastraff defnyddwyr hunan-reoledig - i gyd (O1) yw'r unig ddosbarth pecynwaith sy'n bosibl
org_id_placeholder;ABC123456;L;2023-P2;;CW;B1;PL;;EN;;101;;60;Gwall;Gwastraff defnyddwyr hunan-reoledig (CW) yw'r math o becynwaith, felly gwastraff defnyddwyr hunan-reoledig - i gyd (O1) yw'r unig ddosbarth pecynwaith sy'n bosibl
org_id_placeholder;ABC123456;L;2023-P2;;CW;;PL;;EN;;101;;61;Gwall;Gwastraff defnyddwyr hunan-reoledig (CW) yw'r math o becynwaith, felly gwastraff defnyddwyr hunan-reoledig - i gyd (O1) yw'r unig ddosbarth pecynwaith sy'n bosibl
org_id_placeholder;ABC123456;L;2023-P2;;OW;P1;GL;;EN;;101;;62;Gwall;Gwastraff sefydliad hunan-reoledig (OW) yw'r math o becynwaith, felly gwastraff sefydliad - tarddiad (O2) yw'r unig ddosbarth pecynwaith sy'n bosibl
org_id_placeholder;ABC123456;L;2023-P2;;OW;P2;GL;;EN;;101;;63;Gwall;Gwastraff sefydliad hunan-reoledig (OW) yw'r math o becynwaith, felly gwastraff sefydliad - tarddiad (O2) yw'r unig ddosbarth pecynwaith sy'n bosibl
org_id_placeholder;ABC123456;L;2023-P2;;OW;P3;GL;;EN;;101;;64;Gwall;Gwastraff sefydliad hunan-reoledig (OW) yw'r math o becynwaith, felly gwastraff sefydliad - tarddiad (O2) yw'r unig ddosbarth pecynwaith sy'n bosibl
org_id_placeholder;ABC123456;L;2023-P2;;OW;P4;GL;;EN;;101;;65;Gwall;Gwastraff sefydliad hunan-reoledig (OW) yw'r math o becynwaith, felly gwastraff sefydliad - tarddiad (O2) yw'r unig ddosbarth pecynwaith sy'n bosibl
org_id_placeholder;ABC123456;L;2023-P2;;OW;P5;GL;;EN;;101;;66;Gwall;Gwastraff sefydliad hunan-reoledig (OW) yw'r math o becynwaith, felly gwastraff sefydliad - tarddiad (O2) yw'r unig ddosbarth pecynwaith sy'n bosibl
org_id_placeholder;ABC123456;L;2023-P2;;OW;P6;GL;;EN;;101;;67;Gwall;Gwastraff sefydliad hunan-reoledig (OW) yw'r math o becynwaith, felly gwastraff sefydliad - tarddiad (O2) yw'r unig ddosbarth pecynwaith sy'n bosibl
org_id_placeholder;ABC123456;L;2023-P2;;OW;O1;GL;;EN;;101;;68;Gwall;Gwastraff sefydliad hunan-reoledig (OW) yw'r math o becynwaith, felly gwastraff sefydliad - tarddiad (O2) yw'r unig ddosbarth pecynwaith sy'n bosibl
org_id_placeholder;ABC123456;L;2023-P2;;OW;B1;GL;;EN;;101;;69;Gwall;Gwastraff sefydliad hunan-reoledig (OW) yw'r math o becynwaith, felly gwastraff sefydliad - tarddiad (O2) yw'r unig ddosbarth pecynwaith sy'n bosibl
org_id_placeholder;ABC123456;L;2023-P2;;OW;;GL;;EN;;101;;70;Gwall;Gwastraff sefydliad hunan-reoledig (OW) yw'r math o becynwaith, felly gwastraff sefydliad - tarddiad (O2) yw'r unig ddosbarth pecynwaith sy'n bosibl
org_id_placeholder;ABC123456;L;2023-P2;SO;HH;P2;GL;;;;101;;71;Gwall;Pecynwaith cartref (HH) yw'r math o becynwaith, felly un o blith pecynwaith sylfaenol (P1), pecynwaith cludo (P3) neu gyfanswm y farchnad ar-lein (P6) yw'r unig ddosbarth pecynwaith sy'n bosibl
org_id_placeholder;ABC123456;L;2023-P2;PF;HH;P4;GL;;;;101;;72;Gwall;Pecynwaith cartref (HH) yw'r math o becynwaith, felly un o blith pecynwaith sylfaenol (P1), pecynwaith cludo (P3) neu gyfanswm y farchnad ar-lein (P6) yw'r unig ddosbarth pecynwaith sy'n bosibl
org_id_placeholder;ABC123456;L;2023-P2;IM;HH;P5;GL;;;;101;;73;Gwall;Pecynwaith cartref (HH) yw'r math o becynwaith, felly un o blith pecynwaith sylfaenol (P1), pecynwaith cludo (P3) neu gyfanswm y farchnad ar-lein (P6) yw'r unig ddosbarth pecynwaith sy'n bosibl
org_id_placeholder;ABC123456;L;2023-P2;SE;HH;P6;GL;;;;101;;74;Gwall;Pecynwaith cartref (HH) yw'r math o becynwaith, felly un o blith pecynwaith sylfaenol (P1), pecynwaith cludo (P3) neu gyfanswm y farchnad ar-lein (P6) yw'r unig ddosbarth pecynwaith sy'n bosibl
org_id_placeholder;ABC123456;L;2023-P2;HL;HH;O1;GL;;;;101;;75;Gwall;Pecynwaith cartref (HH) yw'r math o becynwaith, felly un o blith pecynwaith sylfaenol (P1), pecynwaith cludo (P3) neu gyfanswm y farchnad ar-lein (P6) yw'r unig ddosbarth pecynwaith sy'n bosibl
org_id_placeholder;ABC123456;L;2023-P2;HL;HH;O2;GL;;;;101;;76;Gwall;Pecynwaith cartref (HH) yw'r math o becynwaith, felly un o blith pecynwaith sylfaenol (P1), pecynwaith cludo (P3) neu gyfanswm y farchnad ar-lein (P6) yw'r unig ddosbarth pecynwaith sy'n bosibl
org_id_placeholder;ABC123456;L;2023-P2;IM;HH;B1;GL;;;;101;;77;Gwall;Pecynwaith cartref (HH) yw'r math o becynwaith, felly un o blith pecynwaith sylfaenol (P1), pecynwaith cludo (P3) neu gyfanswm y farchnad ar-lein (P6) yw'r unig ddosbarth pecynwaith sy'n bosibl
org_id_placeholder;ABC123456;L;2023-P2;SO;HH;;GL;;;;101;;78;Gwall;Pecynwaith cartref (HH) yw'r math o becynwaith, felly un o blith pecynwaith sylfaenol (P1), pecynwaith cludo (P3) neu gyfanswm y farchnad ar-lein (P6) yw'r unig ddosbarth pecynwaith sy'n bosibl
org_id_placeholder;ABC123456;L;2023-P2;SO;PB;P1;GL;;;;101;;79;Gwall;Yn dod i ben yn gyffredin mewn biniau cyhoeddus (PB) yw'r math pecynwaith felly dim ond bin cyhoeddus (B1) all gael ei roi fel dosbarth pecynwaith.
org_id_placeholder;ABC123456;L;2023-P2;SO;PB;P2;GL;;;;101;;80;Gwall;Yn dod i ben yn gyffredin mewn biniau cyhoeddus (PB) yw'r math pecynwaith felly dim ond bin cyhoeddus (B1) all gael ei roi fel dosbarth pecynwaith.
org_id_placeholder;ABC123456;L;2023-P2;SO;PB;P3;GL;;;;101;;81;Gwall;Yn dod i ben yn gyffredin mewn biniau cyhoeddus (PB) yw'r math pecynwaith felly dim ond bin cyhoeddus (B1) all gael ei roi fel dosbarth pecynwaith.
org_id_placeholder;ABC123456;L;2023-P2;SO;PB;P4;GL;;;;101;;82;Gwall;Yn dod i ben yn gyffredin mewn biniau cyhoeddus (PB) yw'r math pecynwaith felly dim ond bin cyhoeddus (B1) all gael ei roi fel dosbarth pecynwaith.
org_id_placeholder;ABC123456;L;2023-P2;SO;PB;P5;GL;;;;101;;83;Gwall;Yn dod i ben yn gyffredin mewn biniau cyhoeddus (PB) yw'r math pecynwaith felly dim ond bin cyhoeddus (B1) all gael ei roi fel dosbarth pecynwaith.
org_id_placeholder;ABC123456;L;2023-P2;SO;PB;P6;GL;;;;101;;84;Gwall;Yn dod i ben yn gyffredin mewn biniau cyhoeddus (PB) yw'r math pecynwaith felly dim ond bin cyhoeddus (B1) all gael ei roi fel dosbarth pecynwaith.
org_id_placeholder;ABC123456;L;2023-P2;SO;PB;O1;GL;;;;101;;85;Gwall;Yn dod i ben yn gyffredin mewn biniau cyhoeddus (PB) yw'r math pecynwaith felly dim ond bin cyhoeddus (B1) all gael ei roi fel dosbarth pecynwaith.
org_id_placeholder;ABC123456;L;2023-P2;SO;PB;O2;GL;;;;101;;86;Gwall;Yn dod i ben yn gyffredin mewn biniau cyhoeddus (PB) yw'r math pecynwaith felly dim ond bin cyhoeddus (B1) all gael ei roi fel dosbarth pecynwaith.
org_id_placeholder;ABC123456;L;2023-P2;SO;PB;;GL;;;;101;;87;Gwall;Yn dod i ben yn gyffredin mewn biniau cyhoeddus (PB) yw'r math pecynwaith felly dim ond bin cyhoeddus (B1) all gael ei roi fel dosbarth pecynwaith.
org_id_placeholder;ABC123456;L;2023-P2;SO;HDC;P1;GL;;;;101;101;88;Gwall;Cynwysyddion diodydd cartref (HDC) neu gynwysyddion diodydd nad ydynt yn gynwysyddion diodydd cartref (NDC) yw'r math o becynwaith, felly peidiwch â rhoi dosbarth pecynwaith
org_id_placeholder;ABC123456;L;2023-P2;SO;HDC;P2;GL;;;;101;101;89;Gwall;Cynwysyddion diodydd cartref (HDC) neu gynwysyddion diodydd nad ydynt yn gynwysyddion diodydd cartref (NDC) yw'r math o becynwaith, felly peidiwch â rhoi dosbarth pecynwaith
org_id_placeholder;ABC123456;L;2023-P2;SO;HDC;P3;GL;;;;101;101;90;Gwall;Cynwysyddion diodydd cartref (HDC) neu gynwysyddion diodydd nad ydynt yn gynwysyddion diodydd cartref (NDC) yw'r math o becynwaith, felly peidiwch â rhoi dosbarth pecynwaith
org_id_placeholder;ABC123456;L;2023-P2;SO;HDC;P4;GL;;;;101;101;91;Gwall;Cynwysyddion diodydd cartref (HDC) neu gynwysyddion diodydd nad ydynt yn gynwysyddion diodydd cartref (NDC) yw'r math o becynwaith, felly peidiwch â rhoi dosbarth pecynwaith
org_id_placeholder;ABC123456;L;2023-P2;SO;HDC;P5;GL;;;;101;101;92;Gwall;Cynwysyddion diodydd cartref (HDC) neu gynwysyddion diodydd nad ydynt yn gynwysyddion diodydd cartref (NDC) yw'r math o becynwaith, felly peidiwch â rhoi dosbarth pecynwaith
org_id_placeholder;ABC123456;L;2023-P2;SO;HDC;P6;GL;;;;101;101;93;Gwall;Cynwysyddion diodydd cartref (HDC) neu gynwysyddion diodydd nad ydynt yn gynwysyddion diodydd cartref (NDC) yw'r math o becynwaith, felly peidiwch â rhoi dosbarth pecynwaith
org_id_placeholder;ABC123456;L;2023-P2;SO;HDC;O1;GL;;;;101;101;94;Gwall;Cynwysyddion diodydd cartref (HDC) neu gynwysyddion diodydd nad ydynt yn gynwysyddion diodydd cartref (NDC) yw'r math o becynwaith, felly peidiwch â rhoi dosbarth pecynwaith
org_id_placeholder;ABC123456;L;2023-P2;SO;HDC;O2;GL;;;;101;101;95;Gwall;Cynwysyddion diodydd cartref (HDC) neu gynwysyddion diodydd nad ydynt yn gynwysyddion diodydd cartref (NDC) yw'r math o becynwaith, felly peidiwch â rhoi dosbarth pecynwaith
org_id_placeholder;ABC123456;L;2023-P2;SO;HDC;B1;GL;;;;101;101;96;Gwall;Cynwysyddion diodydd cartref (HDC) neu gynwysyddion diodydd nad ydynt yn gynwysyddion diodydd cartref (NDC) yw'r math o becynwaith, felly peidiwch â rhoi dosbarth pecynwaith
org_id_placeholder;BCD;L;2023-P2;SO;NDC;P1;GL;;;;101;101;97;Gwall;Cynwysyddion diodydd cartref (HDC) neu gynwysyddion diodydd nad ydynt yn gynwysyddion diodydd cartref (NDC) yw'r math o becynwaith, felly peidiwch â rhoi dosbarth pecynwaith
org_id_placeholder;BCD;L;2023-P2;SO;NDC;P2;GL;;;;101;101;98;Gwall;Cynwysyddion diodydd cartref (HDC) neu gynwysyddion diodydd nad ydynt yn gynwysyddion diodydd cartref (NDC) yw'r math o becynwaith, felly peidiwch â rhoi dosbarth pecynwaith
org_id_placeholder;BCD;L;2023-P2;SO;NDC;P3;GL;;;;101;101;99;Gwall;Cynwysyddion diodydd cartref (HDC) neu gynwysyddion diodydd nad ydynt yn gynwysyddion diodydd cartref (NDC) yw'r math o becynwaith, felly peidiwch â rhoi dosbarth pecynwaith
org_id_placeholder;BCD;L;2023-P2;SO;NDC;P4;GL;;;;101;101;100;Gwall;Cynwysyddion diodydd cartref (HDC) neu gynwysyddion diodydd nad ydynt yn gynwysyddion diodydd cartref (NDC) yw'r math o becynwaith, felly peidiwch â rhoi dosbarth pecynwaith
org_id_placeholder;BCD;L;2023-P2;SO;NDC;P5;GL;;;;101;101;101;Gwall;Cynwysyddion diodydd cartref (HDC) neu gynwysyddion diodydd nad ydynt yn gynwysyddion diodydd cartref (NDC) yw'r math o becynwaith, felly peidiwch â rhoi dosbarth pecynwaith
org_id_placeholder;BCD;L;2023-P2;SO;NDC;P6;GL;;;;101;101;102;Gwall;Cynwysyddion diodydd cartref (HDC) neu gynwysyddion diodydd nad ydynt yn gynwysyddion diodydd cartref (NDC) yw'r math o becynwaith, felly peidiwch â rhoi dosbarth pecynwaith
org_id_placeholder;BCD;L;2023-P2;SO;NDC;O1;GL;;;;101;101;103;Gwall;Cynwysyddion diodydd cartref (HDC) neu gynwysyddion diodydd nad ydynt yn gynwysyddion diodydd cartref (NDC) yw'r math o becynwaith, felly peidiwch â rhoi dosbarth pecynwaith
org_id_placeholder;BCD;L;2023-P2;SO;NDC;O2;GL;;;;101;101;104;Gwall;Cynwysyddion diodydd cartref (HDC) neu gynwysyddion diodydd nad ydynt yn gynwysyddion diodydd cartref (NDC) yw'r math o becynwaith, felly peidiwch â rhoi dosbarth pecynwaith
org_id_placeholder;BCD;L;2023-P2;SO;NDC;B1;GL;;;;101;101;105;Gwall;Cynwysyddion diodydd cartref (HDC) neu gynwysyddion diodydd nad ydynt yn gynwysyddion diodydd cartref (NDC) yw'r math o becynwaith, felly peidiwch â rhoi dosbarth pecynwaith
org_id_placeholder;ABC123456;L;2023-P2;SO;RU;P2;GL;;;;101;;106;Gwall;Pecynwaith ailddefnyddiadwy (RU) yw'r math o becynwaith, felly pecynwaith sylfaenol (P1) neu becynwaith ailddefnyddiadwy nad yw'n becynwaith sylfaenol (P5) yw'r unig ddosbarth pecynwaith sy'n bosibl
org_id_placeholder;ABC123456;L;2023-P2;SO;RU;P3;GL;;;;101;;107;Gwall;Pecynwaith ailddefnyddiadwy (RU) yw'r math o becynwaith, felly pecynwaith sylfaenol (P1) neu becynwaith ailddefnyddiadwy nad yw'n becynwaith sylfaenol (P5) yw'r unig ddosbarth pecynwaith sy'n bosibl
org_id_placeholder;ABC123456;L;2023-P2;SO;RU;P4;GL;;;;101;;108;Gwall;Pecynwaith ailddefnyddiadwy (RU) yw'r math o becynwaith, felly pecynwaith sylfaenol (P1) neu becynwaith ailddefnyddiadwy nad yw'n becynwaith sylfaenol (P5) yw'r unig ddosbarth pecynwaith sy'n bosibl
org_id_placeholder;ABC123456;L;2023-P2;SO;RU;P6;GL;;;;101;;109;Gwall;Pecynwaith ailddefnyddiadwy (RU) yw'r math o becynwaith, felly pecynwaith sylfaenol (P1) neu becynwaith ailddefnyddiadwy nad yw'n becynwaith sylfaenol (P5) yw'r unig ddosbarth pecynwaith sy'n bosibl
org_id_placeholder;ABC123456;L;2023-P2;SO;RU;O1;GL;;;;101;;110;Gwall;Pecynwaith ailddefnyddiadwy (RU) yw'r math o becynwaith, felly pecynwaith sylfaenol (P1) neu becynwaith ailddefnyddiadwy nad yw'n becynwaith sylfaenol (P5) yw'r unig ddosbarth pecynwaith sy'n bosibl
org_id_placeholder;ABC123456;L;2023-P2;SO;RU;O2;GL;;;;101;;111;Gwall;Pecynwaith ailddefnyddiadwy (RU) yw'r math o becynwaith, felly pecynwaith sylfaenol (P1) neu becynwaith ailddefnyddiadwy nad yw'n becynwaith sylfaenol (P5) yw'r unig ddosbarth pecynwaith sy'n bosibl
org_id_placeholder;ABC123456;L;2023-P2;SO;RU;B1;GL;;;;101;;112;Gwall;Pecynwaith ailddefnyddiadwy (RU) yw'r math o becynwaith, felly pecynwaith sylfaenol (P1) neu becynwaith ailddefnyddiadwy nad yw'n becynwaith sylfaenol (P5) yw'r unig ddosbarth pecynwaith sy'n bosibl
org_id_placeholder;ABC123456;L;2023-P2;SO;RU;;GL;;;;101;;113;Gwall;Pecynwaith ailddefnyddiadwy (RU) yw'r math o becynwaith, felly pecynwaith sylfaenol (P1) neu becynwaith ailddefnyddiadwy nad yw'n becynwaith sylfaenol (P5) yw'r unig ddosbarth pecynwaith sy'n bosibl
org_id_placeholder;ABC123456;L;2023-P2;SO;HDC;;WD;;;;101;101;114;Gwall;Rhaid i'r deunydd pecynwaith ar gyfer cynwysyddion diodydd cartref (HDC) a chynwysyddion diodydd nad ydynt yn gynwysyddion diodydd cartref (NDC) fod yn un o blith alwminiwm (AL), gwydr (GL), plastig (PL) neu ddur (ST)
org_id_placeholder;ABC123456;L;2023-P2;SO;HDC;;PC;;;;101;101;115;Gwall;Rhaid i'r deunydd pecynwaith ar gyfer cynwysyddion diodydd cartref (HDC) a chynwysyddion diodydd nad ydynt yn gynwysyddion diodydd cartref (NDC) fod yn un o blith alwminiwm (AL), gwydr (GL), plastig (PL) neu ddur (ST)
org_id_placeholder;ABC123456;L;2023-P2;SO;HDC;;FC;;;;101;101;116;Gwall;Rhaid i'r deunydd pecynwaith ar gyfer cynwysyddion diodydd cartref (HDC) a chynwysyddion diodydd nad ydynt yn gynwysyddion diodydd cartref (NDC) fod yn un o blith alwminiwm (AL), gwydr (GL), plastig (PL) neu ddur (ST)
org_id_placeholder;ABC123456;L;2023-P2;SO;HDC;;OT;ceramic;;;101;101;117;Gwall;Rhaid i'r deunydd pecynwaith ar gyfer cynwysyddion diodydd cartref (HDC) a chynwysyddion diodydd nad ydynt yn gynwysyddion diodydd cartref (NDC) fod yn un o blith alwminiwm (AL), gwydr (GL), plastig (PL) neu ddur (ST)
org_id_placeholder;BCD;L;2023-P2;SO;NDC;;WD;;;;101;101;118;Gwall;Rhaid i'r deunydd pecynwaith ar gyfer cynwysyddion diodydd cartref (HDC) a chynwysyddion diodydd nad ydynt yn gynwysyddion diodydd cartref (NDC) fod yn un o blith alwminiwm (AL), gwydr (GL), plastig (PL) neu ddur (ST)
org_id_placeholder;BCD;L;2023-P2;SO;NDC;;PC;;;;101;101;119;Gwall;Rhaid i'r deunydd pecynwaith ar gyfer cynwysyddion diodydd cartref (HDC) a chynwysyddion diodydd nad ydynt yn gynwysyddion diodydd cartref (NDC) fod yn un o blith alwminiwm (AL), gwydr (GL), plastig (PL) neu ddur (ST)
org_id_placeholder;BCD;L;2023-P2;SO;NDC;;FC;;;;101;101;120;Gwall;Rhaid i'r deunydd pecynwaith ar gyfer cynwysyddion diodydd cartref (HDC) a chynwysyddion diodydd nad ydynt yn gynwysyddion diodydd cartref (NDC) fod yn un o blith alwminiwm (AL), gwydr (GL), plastig (PL) neu ddur (ST)
org_id_placeholder;BCD;L;2023-P2;SO;NDC;;OT;ceramic;;;101;101;121;Gwall;Rhaid i'r deunydd pecynwaith ar gyfer cynwysyddion diodydd cartref (HDC) a chynwysyddion diodydd nad ydynt yn gynwysyddion diodydd cartref (NDC) fod yn un o blith alwminiwm (AL), gwydr (GL), plastig (PL) neu ddur (ST)
org_id_placeholder;ABC123456;L;2023-P2;;CW;O1;PL;;SC;;101;101;122;Gwall;Does dim angen unedau deunydd pecynwaith ar gyfer y math yma o ddeunydd pecynwaith
org_id_placeholder;ABC123456;L;2023-P2;;OW;O2;GL;;SC;;101;101;123;Gwall;Does dim angen unedau deunydd pecynwaith ar gyfer y math yma o ddeunydd pecynwaith
org_id_placeholder;ABC123456;L;2023-P2;SO;HH;P1;GL;;;;101;101;124;Gwall;Does dim angen unedau deunydd pecynwaith ar gyfer y math yma o ddeunydd pecynwaith
org_id_placeholder;ABC123456;L;2023-P2;SO;NH;P1;GL;;;;101;101;125;Gwall;Does dim angen unedau deunydd pecynwaith ar gyfer y math yma o ddeunydd pecynwaith
org_id_placeholder;ABC123456;L;2023-P2;SO;PB;B1;GL;;;;101;101;126;Gwall;Does dim angen unedau deunydd pecynwaith ar gyfer y math yma o ddeunydd pecynwaith
org_id_placeholder;ABC123456;L;2023-P2;SO;RU;P1;GL;;;;101;101;127;Gwall;Does dim angen unedau deunydd pecynwaith ar gyfer y math yma o ddeunydd pecynwaith
org_id_placeholder;ABC123;L;2023-P2;SO;HDC;;GL;;;;101;;128;Gwall;Cynwysyddion diodydd cartref (HDC) neu gynwysyddion diodydd nad ydynt yn gynwysyddion diodydd cartref (NDC) yw'r math o becynwaith, felly rhaid i swm y deunydd pecynwaith fod yn rhif cyfan
org_id_placeholder;BCD;L;2023-P2;SO;NDC;;GL;;;;101;;129;Gwall;Cynwysyddion diodydd cartref (HDC) neu gynwysyddion diodydd nad ydynt yn gynwysyddion diodydd cartref (NDC) yw'r math o becynwaith, felly rhaid i swm y deunydd pecynwaith fod yn rhif cyfan
org_id_placeholder;12;L;2023-P2;PF;HDC;;AL;;;;101;101;130;Gwall;Gwybodaeth ddyblyg wedi'i chyflwyno
org_id_placeholder;12;L;2023-P2;PF;HDC;;AL;;;;101;101;131;Gwall;Gwybodaeth ddyblyg wedi'i chyflwyno
org_id_placeholder;XYZ123ABC;S;2023-P2;OM;SP;P6;GL;;;;101;;132;Gwall;Rhaid i faint y sefydliad fod yn L. Ar hyn o bryd, dim ond sefydliadau mawr sy'n cael rhoi gwybod am ddata pecynwaith.
org_id_placeholder;ABCD;L;2023-P2;SO;CW;O1;PL;;EN;;101;;133;Gwall;Pan fyddwch chi'n rhoi'r gweithgaredd pecynnu, nid yw'r math o becynwaith yn cael bod yn wastraff hunan-reoledig (CW ac OW)
org_id_placeholder;ABCD;L;2023-P2;SO;OW;O2;PL;;NI;;101;;134;Gwall;Pan fyddwch chi'n rhoi'r gweithgaredd pecynnu, nid yw'r math o becynwaith yn cael bod yn wastraff hunan-reoledig (CW ac OW)
org_id_placeholder;ABCD;L;2023-P2;;NDC;;GL;;;;101;101;135;Gwall;Pan na fyddwch chi'n rhoi'r gweithgaredd pecynnu, gwastraff hunan-reoledig (CW ac OW) yw'r unig fath o becynwaith sy'n bosibl
org_id_placeholder;ABCD;L;2023-P2;;HH;P1;GL;;;;101;;136;Gwall;Pan na fyddwch chi'n rhoi'r gweithgaredd pecynnu, gwastraff hunan-reoledig (CW ac OW) yw'r unig fath o becynwaith sy'n bosibl
org_id_placeholder;ABCD;L;2023-P2;;NH;P2;GL;;;;101;;137;Gwall;Pan na fyddwch chi'n rhoi'r gweithgaredd pecynnu, gwastraff hunan-reoledig (CW ac OW) yw'r unig fath o becynwaith sy'n bosibl
org_id_placeholder;ABCD;L;2023-P2;;PB;B1;GL;;;;101;;138;Gwall;Pan na fyddwch chi'n rhoi'r gweithgaredd pecynnu, gwastraff hunan-reoledig (CW ac OW) yw'r unig fath o becynwaith sy'n bosibl
org_id_placeholder;ABCD;L;2023-P2;;HDC;;GL;;;;101;101;139;Gwall;Pan na fyddwch chi'n rhoi'r gweithgaredd pecynnu, gwastraff hunan-reoledig (CW ac OW) yw'r unig fath o becynwaith sy'n bosibl
org_id_placeholder;ABCD;L;2023-P2;;RU;P1;GL;;;;101;;140;Gwall;Pan na fyddwch chi'n rhoi'r gweithgaredd pecynnu, gwastraff hunan-reoledig (CW ac OW) yw'r unig fath o becynwaith sy'n bosibl
org_id_placeholder;12;L;;PF;HDC;;AL;;;;101;101;141;Gwall;Rhowch y cyfnod amser ar gyfer y cyflwyniad
org_id_placeholder;BCD;L;2023-P2;HL;HH;P1;OT;;;;101;;142;Gwall;Pan fo'r deunydd pecynwaith yn arall (OT), rhaid ichi nodi enw'r deunydd mewn is-deip deunydd pecynwaith. Ni chaniateir rhifau na choma.
org_id_placeholder;BCD;L;2023-P2;HL;HH;P1;OT;1;;;101;;143;Gwall;Pan fo'r deunydd pecynwaith yn arall (OT), rhaid ichi nodi enw'r deunydd mewn is-deip deunydd pecynwaith. Ni chaniateir rhifau na choma.
org_id_placeholder;ÃBC123;L;2023-P2;PF;HDC;;AL;;;;101;101;144;Gwall;Mae'r ID atodol yn cael cynnwys y llythrennau a i z, a rhifau yn unig. Rhaid iddo fod yn 32 o gymeriadau neu lai.
org_id_placeholder;ÃBC123;L;2023-P2;PF;HDC;;AL;;;;101;101;144;Rhybudd;Rydych chi wedi rhoi gwybod am un deunydd pecynwaith yn unig ar gyfer y sefydliad yma. Gwiriwch eich bod wedi rhoi pob deunydd pecynwaith. Rhaid ichi roi gwybod am bob un ar wahân.
org_id_placeholder;ABCDEFGHIJKLMNOPQRSTUVWXYZ1234567;L;2023-P2;PF;HDC;;AL;;;;101;101;145;Gwall;Mae'r ID atodol yn cael cynnwys y llythrennau a i z, a rhifau yn unig. Rhaid iddo fod yn 32 o gymeriadau neu lai.
org_id_placeholder;ABCDEFGHIJKLMNOPQRSTUVWXYZ1234567;L;2023-P2;PF;HDC;;AL;;;;101;101;145;Rhybudd;Rydych chi wedi rhoi gwybod am un deunydd pecynwaith yn unig ar gyfer y sefydliad yma. Gwiriwch eich bod wedi rhoi pob deunydd pecynwaith. Rhaid ichi roi gwybod am bob un ar wahân.
org_id_placeholder;XYZ123ABC;L;2023-P2;SO;HH;P1;WD;ceramic;;;101;;146;Gwall;Dim angen is-deip pecynwaith ar gyfer y math pecynwaith yma
org_id_placeholder;XYZ123ABC;L;2023-P2;SO;HH;P1;AL;ceramic;;;101;;147;Gwall;Dim angen is-deip pecynwaith ar gyfer y math pecynwaith yma
org_id_placeholder;XYZ123ABC;L;2023-P2;SO;HH;P1;ST;ceramic;;;101;;148;Gwall;Dim angen is-deip pecynwaith ar gyfer y math pecynwaith yma
org_id_placeholder;XYZ123ABC;L;2023-P2;SO;HH;P1;GL;ceramic;;;101;;149;Gwall;Dim angen is-deip pecynwaith ar gyfer y math pecynwaith yma
org_id_placeholder;XYZ123ABC;L;2023-P2;SO;HH;P1;PC;ceramic;;;101;;150;Gwall;Dim angen is-deip pecynwaith ar gyfer y math pecynwaith yma
org_id_placeholder;XYZ123ABC;L;2023-P2;SO;HH;P1;FC;ceramic;;;101;;151;Gwall;Dim angen is-deip pecynwaith ar gyfer y math pecynwaith yma
org_id_placeholder;ABC123;L;2023-P2;SO;HH;P1;PL;ceramic;;;101;;152;Gwall;Dim angen is-deip pecynwaith ar gyfer y math pecynwaith yma
org_id_placeholder;ABCDE12345XYZ;L;2023-P2;;CW;O1;PL;;WS;NI;101;;153;Gwall;Ni chaiff cyfanswm pwysau unrhyw un deunydd pecynwaith sy'n cael ei drosglwyddo i unrhyw wlad fod yn fwy na'r cyfanswm a gasglwyd. Er enghraifft, allwch chi ddim trosglwyddo mwy o blastig nag rydych chi'n ei gasglu. Gwiriwch bwysau'r deunydd pecynwaith yma sy'n cael ei drosglwyddo i wlad arall ym mhob rhes ar gyfer y sefydliad yma.
org_id_placeholder;ABCDE12345XYZ;L;2023-P2;;OW;O2;ST;;NI;SC;101;;154;Gwall;Ni chaiff cyfanswm pwysau unrhyw un deunydd pecynwaith sy'n cael ei drosglwyddo i unrhyw wlad fod yn fwy na'r cyfanswm a gasglwyd. Er enghraifft, allwch chi ddim trosglwyddo mwy o blastig nag rydych chi'n ei gasglu. Gwiriwch bwysau'r deunydd pecynwaith yma sy'n cael ei drosglwyddo i wlad arall ym mhob rhes ar gyfer y sefydliad yma.
org_id_placeholder;;L;2023-P2;;OW;O2;AL;;;;101;;155;Gwall;Pan fo'r math pecynwaith yn wastraff hunan-reoledig (CW ac OW), rhaid ichi roi'r wlad mae'n tarddu ohoni
org_id_placeholder;;L;2023-P2;;CW;O1;PL;;;;101;;156;Gwall;Pan fo'r math pecynwaith yn wastraff hunan-reoledig (CW ac OW), rhaid ichi roi'r wlad mae'n tarddu ohoni
org_id_placeholder;12;L;2023-P1;SO;HDC;;PL;;;;101;101;157;Gwall;Rhaid i'r cyfnod amser ar gyfer cyflwyno fod yr un fath ar gyfer holl ddata pecynwaith y sefydliad yma
org_id_placeholder;BCD;L;2023-P2;;OW;O2;OT;plastic;EN;;101;;158;Gwall;Nid yw is-deip y deunydd pecynwaith yn gallu bod yn blastig, HDPE neu PET
org_id_placeholder;BCD;L;2023-P2;;OW;O2;OT;HDPE;EN;;101;;159;Gwall;Nid yw is-deip y deunydd pecynwaith yn gallu bod yn blastig, HDPE neu PET
org_id_placeholder;BCD;L;2023-P2;;OW;O2;OT;PET;EN;;101;;160;Gwall;Nid yw is-deip y deunydd pecynwaith yn gallu bod yn blastig, HDPE neu PET
org_id_placeholder;XYZ123ABC;L;2023-P2;PF;SP;P3;FC;;;;101;;161;Gwall;Pan fo maint y sefydliad yn fawr (L), ni chaniateir i'r math pecynwaith fod yn becynwaith sefydliad bach – y cyfan (SP)
org_id_placeholder;123ABC456XYZ;L;2023-P3;IM;HDC;;ST;;;;101;101;162;Gwall;Rydych chi'n rhoi gwybod am ddata pecynwaith ar gyfer Ionawr i Fehefin 2023. Rhaid i'r cyfnod cyflwyno fod yn 2023-P1 neu 2023-P2.
org_id_placeholder;ABC123;L;2023-P2;IM;HDC;;ST;;;;99;99;163;Rhybudd;Mae pwysau'r deunydd pecynwaith yn llai na 100. Gwiriwch fod yr holl bwysau pecynwaith mewn kg ac nid tunelli.
org_id_placeholder;ABC1235435Ghjd;L;2023-P2;HL;HH;P1;OT;ceramic;;;101;;164;Rhybudd;Rydych chi wedi rhoi gwybod am un deunydd pecynwaith yn unig ar gyfer y sefydliad yma. Gwiriwch eich bod wedi rhoi pob deunydd pecynwaith. Rhaid ichi roi gwybod am bob un ar wahân.
org_id_placeholder;ABC1235435Ghjdty;L;2023-P2;SO;NDC;;PL;;;;101;101;165;Rhybudd;Rydych chi wedi rhoi gwybod am un deunydd pecynwaith yn unig ar gyfer y sefydliad yma. Gwiriwch eich bod wedi rhoi pob deunydd pecynwaith. Rhaid ichi roi gwybod am bob un ar wahân.
org_id_placeholder;ABC123;L;2023-P2;;CW;O1;PC;;NI;;101;;166;Rhybudd;Yn achos gwastraff defnyddwyr hunan-reoledig (CW), mae'n bosibl na fyddwch chi'n gallu gwrthbwyso'ch pecynwaith eich hunan yn erbyn alwminiwm (AL), gwydr (GL), papur neu gerdyn (PC), neu ddur (ST). I wirio pa ddeunyddiau pecynwaith y gallwch eu gwrthbwyso, bydd angen ichi gysylltu â rheoleiddiwr amgylcheddol eich gwlad.
org_id_placeholder;ABC123;L;2023-P2;;CW;O1;GL;;NI;;101;;167;Rhybudd;Yn achos gwastraff defnyddwyr hunan-reoledig (CW), mae'n bosibl na fyddwch chi'n gallu gwrthbwyso'ch pecynwaith eich hunan yn erbyn alwminiwm (AL), gwydr (GL), papur neu gerdyn (PC), neu ddur (ST). I wirio pa ddeunyddiau pecynwaith y gallwch eu gwrthbwyso, bydd angen ichi gysylltu â rheoleiddiwr amgylcheddol eich gwlad.
org_id_placeholder;ABC123;L;2023-P2;;CW;O1;AL;;NI;;101;;168;Rhybudd;Yn achos gwastraff defnyddwyr hunan-reoledig (CW), mae'n bosibl na fyddwch chi'n gallu gwrthbwyso'ch pecynwaith eich hunan yn erbyn alwminiwm (AL), gwydr (GL), papur neu gerdyn (PC), neu ddur (ST). I wirio pa ddeunyddiau pecynwaith y gallwch eu gwrthbwyso, bydd angen ichi gysylltu â rheoleiddiwr amgylcheddol eich gwlad.
org_id_placeholder;ABC123;L;2023-P2;;CW;O1;ST;;NI;;101;;169;Rhybudd;Yn achos gwastraff defnyddwyr hunan-reoledig (CW), mae'n bosibl na fyddwch chi'n gallu gwrthbwyso'ch pecynwaith eich hunan yn erbyn alwminiwm (AL), gwydr (GL), papur neu gerdyn (PC), neu ddur (ST). I wirio pa ddeunyddiau pecynwaith y gallwch eu gwrthbwyso, bydd angen ichi gysylltu â rheoleiddiwr amgylcheddol eich gwlad.
org_id_placeholder;123ABC456XYZ;L;2023-P2;SO;HDC;;PL;;;;101;100;170;Rhybudd;Gwiriwch fod pwysau'r deunydd pecynwaith (kg) a'r unedau yn gywir
org_id_placeholder;123ABC456XYZ;L;2023-P2;PF;NDC;;AL;;;;101;100;171;Rhybudd;Gwiriwch fod pwysau'r deunydd pecynwaith (kg) a'r unedau yn gywir