Notes,ValidationRule,organisation_id,subsidiary_id,organisation_size,submission_period,packaging_activity,packaging_type,packaging_class,packaging_material,packaging_material_subtype,from_country,to_country,packaging_material_weight,packaging_material_units,Issue type,ErrorCode,ErrorMessage,ErrorMessageWelsh
Any valid record with submission period as in the most records - this record will be used for presenting the error 50,,org_id_placeholder,123ABC456XYZ,L,2023-P2,SO,PB,B1,AL,,,,100,,,,,
,Packaging_activity_incorrect,org_id_placeholder,12,L,2023-P2,Pf,HDC,,AL,,,,101,101,Error/Gwall,2,"When packaging activity is entered, it must be one of the codes SO, PF, IM, SE, HL or OM","Wrth roi gweithgaredd pecynnu, rhaid ichi roi un o'r codau SO, PF, IM, SE, HL neu OM"
,Packaging_type_incorrect,org_id_placeholder,12,L,2023-P2,PF,HDc,,AL,,,,101,101,Error/Gwall,3,"Packaging type must be one of the codes HH, NH, CW, OW, PB, RU, HDC, NDC or SP","Rhaid i'r math o ddeunydd pecynwaith fod yn un o'r codau HH, NH, CW, OW, PB, RU, HDC, NDC neu SP"
,Packaging_class_incorrect,org_id_placeholder,A,L,2023-P2,SO,HH,p1,AL,,,,101,,Error/Gwall,4,"When packaging class is entered, it must be one of the codes P1, P2, P3, P4, P5, P6, O1, O2 or B1","Wrth roi'r dosbarth pecynwaith, rhaid ichi roi un o'r codau P1, P2, P3, P4, P5, P6, O1, O2 neu B1"
,Packaging_material_incorrect,org_id_placeholder,A,L,2023-P2,SO,HH,P1,Al,,,,101,,Error/Gwall,5,"Packaging material must be one of the codes AL, FC, GL, PC, PL, ST, WD or OT","Rhaid i'r deunydd pecynwaith fod yn un o'r codau AL, FC, GL, PC, PL, ST, WD neu OT"
,From_country_incorrect,org_id_placeholder,ABC123,L,2023-P2,,OW,O2,PL,,En,,101,,Error/Gwall,7,"When packaging type is self-managed waste (CW or OW), from country must be one of England (EN), Northern Ireland (NI), Scotland (SC) or Wales (WS)","Os gwastraff hunan-reoledig (CW neu OW) yw'r math o becynwaith, rhaid i'r wlad mae'n dod ohoni fod yn un o blith Lloegr (EN), Gogledd Iwerddon (NI), yr Alban (SC) neu Gymru (WS)"
"This valid record should present in this file as there is dependecy between this record and the next one (record should be the same as the next one, but ""to country"" field should be empty)",,org_id_placeholder,ABC123,L,2023-P2,,OW,O2,PL,,NI,,101,,,,,
,To_country_incorrect,org_id_placeholder,ABC123,L,2023-P2,,OW,O2,PL,,NI,En,101,,Error/Gwall,8,"When packaging type is self-managed waste (CW or OW), and you send it to another country, the to country must be one of England (EN), Northern Ireland (NI), Scotland (SC) or Wales (WS)","Os gwastraff hunan-reoledig (CW neu OW) yw'r math o becynwaith, a'ch bod chi'n ei anfon i wlad arall, rhaid i'r wlad mae'n cael ei anfon iddi fod yn un o blith Lloegr (EN), Gogledd Iwerddon (NI), yr Alban (SC) neu Gymru (WS)"
,Pack_material_weight_incorrect,org_id_placeholder,12,L,2023-P2,PF,HDC,,AL,,,,100.5,101,Error/Gwall,9,"Packaging material weight must be a whole number in kilograms. For example, 50000. Do not include the words 'kilograms' or 'kgs'.","Rhaid i bwysau'r deunydd pecynwaith fod yn rhif gyfan mewn cilogramau. Er enghraifft, 50,000. Peidiwch â chynnwys y geiriau 'cilogramau' neu 'kgs'."
,Pack_material_units_incorrect,org_id_placeholder,12,L,2023-P2,PF,HDC,,AL,,,,100,100.5,Error/Gwall,10,Packaging material units must be a whole number,Rhaid i unedau'r deunydd pecynwaith fod yn rhif cyfan
"This valid record should present in this file as there is dependecy between this record and the next one (record should be the same as the next one, but ""to country"" field should be empty)",PackType_OW&From_To_Nation_Equal,org_id_placeholder,12,L,2023-P2,,OW,O2,PL,,EN,,101,,,,,
,PackType_OW&From_To_Nation_Equal,org_id_placeholder,12,L,2023-P2,,OW,O2,PL,,EN,EN,101,,Error/Gwall,13,Cannot be going from and to the same country in the UK,Ni all fod yn mynd o'r un wlad ac i'r un wlad yn y Deyrnas Unedig
"This valid record should present in this file as there is dependecy between this record and the next one (record should be the same as the next one, but ""to country"" field should be empty)",PackType_CW&From_To_Nation_Equal,org_id_placeholder,12,L,2023-P2,,CW,O1,PL,,NI,,101,,,,,
,PackType_CW&From_To_Nation_Equal,org_id_placeholder,12,L,2023-P2,,CW,O1,PL,,NI,NI,101,,Error/Gwall,13,Cannot be going from and to the same country in the UK,Ni all fod yn mynd o'r un wlad ac i'r un wlad yn y Deyrnas Unedig
,PackType_not_OW|CW&ToNation_Completed,org_id_placeholder,ABC123,L,2023-P2,SO,HH,P1,GL,,,NI,101,,Error/Gwall,14,To country is not needed for this packaging type,Does dim angen y wlad mae'n cael ei anfon iddi ar gyfer y math yma o becynwaith
,PackType_not_OW|CW&ToNation_Completed,org_id_placeholder,ABC123,L,2023-P2,SO,NH,P2,GL,,,SC,101,,Error/Gwall,14,To country is not needed for this packaging type,Does dim angen y wlad mae'n cael ei anfon iddi ar gyfer y math yma o becynwaith
,PackType_not_OW|CW&ToNation_Completed,org_id_placeholder,ABC123,L,2023-P2,SO,PB,B1,GL,,,EN,101,,Error/Gwall,14,To country is not needed for this packaging type,Does dim angen y wlad mae'n cael ei anfon iddi ar gyfer y math yma o becynwaith
,PackType_not_OW|CW&ToNation_Completed,org_id_placeholder,ABC123,L,2023-P2,SO,HDC,,GL,,,NI,101,101,Error/Gwall,14,To country is not needed for this packaging type,Does dim angen y wlad mae'n cael ei anfon iddi ar gyfer y math yma o becynwaith
,PackType_not_OW|CW&ToNation_Completed,org_id_placeholder,ABC123,L,2023-P2,SO,NDC,,GL,,,NI,101,101,Error/Gwall,14,To country is not needed for this packaging type,Does dim angen y wlad mae'n cael ei anfon iddi ar gyfer y math yma o becynwaith
,PackType_not_OW|CW&ToNation_Completed,org_id_placeholder,ABC123,L,2023-P2,SO,RU,P1,GL,,,SC,101,,Error/Gwall,14,To country is not needed for this packaging type,Does dim angen y wlad mae'n cael ei anfon iddi ar gyfer y math yma o becynwaith
,PackType_not_OW|CW&FromNation_Completed,org_id_placeholder,ABC123,L,2023-P2,SO,NDC,,GL,,EN,,101,101,Error/Gwall,15,From country is not needed for this packaging type,Does dim angen y wlad mae'n dod ohoni ar gyfer y math yma o becynwaith
,PackType_not_OW|CW&FromNation_Completed,org_id_placeholder,ABC123,L,2023-P2,SO,HH,P1,GL,,NI,,101,,Error/Gwall,15,From country is not needed for this packaging type,Does dim angen y wlad mae'n dod ohoni ar gyfer y math yma o becynwaith
,PackType_not_OW|CW&FromNation_Completed,org_id_placeholder,ABC123,L,2023-P2,SO,NH,P2,GL,,SC,,101,,Error/Gwall,15,From country is not needed for this packaging type,Does dim angen y wlad mae'n dod ohoni ar gyfer y math yma o becynwaith
,PackType_not_OW|CW&FromNation_Completed,org_id_placeholder,ABC123,L,2023-P2,SO,PB,B1,GL,,EN,,101,,Error/Gwall,15,From country is not needed for this packaging type,Does dim angen y wlad mae'n dod ohoni ar gyfer y math yma o becynwaith
,PackType_not_OW|CW&FromNation_Completed,org_id_placeholder,ABC123,L,2023-P2,SO,HDC,,GL,,NI,,101,101,Error/Gwall,15,From country is not needed for this packaging type,Does dim angen y wlad mae'n dod ohoni ar gyfer y math yma o becynwaith
,PackType_not_OW|CW&FromNation_Completed,org_id_placeholder,ABC123,L,2023-P2,SO,RU,P1,GL,,SC,,101,,Error/Gwall,15,From country is not needed for this packaging type,Does dim angen y wlad mae'n dod ohoni ar gyfer y math yma o becynwaith
,PackActivity_OM&OrgSize_L&PackType_NOT_HH|NH,org_id_placeholder,XYZ123ABC,L,2023-P2,OM,HDC,,GL,,,,101,101,Error/Gwall,23,"For large organisations (L), when packaging activity is supplied through an online marketplace that you own (OM), packaging type must be household packaging (HH) or non-household packaging (NH)","Yn achos sefydliadau mawr (L), pan fo'r gweithgaredd pecynnu yn cael ei gyflenwi trwy farchnad ar-lein sy'n perthyn i chi (OM), rhaid i'r math o becynwaith fod yn becynwaith cartref (HH) neu becynwaith nad yw'n becynwaith cartref (NH)"
,PackType_HH&PackActivity_OM&PackClass_invalid(P1|P2|P3|P4|P5|O1|O2|B1|null),org_id_placeholder,ABC123456,L,2023-P2,OM,HH,P1,GL,,,,101,,Error/Gwall,25,"When packaging activity is supplied through an online marketplace that you own (OM), and packaging type is household packaging (HH), packaging class must be online marketplace total (P6)","Pan fo'r gweithgaredd pecynnu yn cael ei gyflenwi trwy farchnad ar-lein sy'n perthyn i chi (OM), a'r math o ddeunydd pecynwaith yw pecynwaith cartref (HH), rhaid i ddosbarth y pecynwaith fod yn gyfanswm y farchnad ar-lein (P6)"
,PackType_HH&PackActivity_OM&PackClass_invalid(P1|P2|P3|P4|P5|O1|O2|B1|null),org_id_placeholder,ABC123456,L,2023-P2,OM,HH,P2,GL,,,,101,,Error/Gwall,25,"When packaging activity is supplied through an online marketplace that you own (OM), and packaging type is household packaging (HH), packaging class must be online marketplace total (P6)","Pan fo'r gweithgaredd pecynnu yn cael ei gyflenwi trwy farchnad ar-lein sy'n perthyn i chi (OM), a'r math o ddeunydd pecynwaith yw pecynwaith cartref (HH), rhaid i ddosbarth y pecynwaith fod yn gyfanswm y farchnad ar-lein (P6)"
,PackType_HH&PackActivity_OM&PackClass_invalid(P1|P2|P3|P4|P5|O1|O2|B1|null),org_id_placeholder,ABC123456,L,2023-P2,OM,HH,P3,GL,,,,101,,Error/Gwall,25,"When packaging activity is supplied through an online marketplace that you own (OM), and packaging type is household packaging (HH), packaging class must be online marketplace total (P6)","Pan fo'r gweithgaredd pecynnu yn cael ei gyflenwi trwy farchnad ar-lein sy'n perthyn i chi (OM), a'r math o ddeunydd pecynwaith yw pecynwaith cartref (HH), rhaid i ddosbarth y pecynwaith fod yn gyfanswm y farchnad ar-lein (P6)"
,PackType_HH&PackActivity_OM&PackClass_invalid(P1|P2|P3|P4|P5|O1|O2|B1|null),org_id_placeholder,ABC123456,L,2023-P2,OM,HH,P4,GL,,,,101,,Error/Gwall,25,"When packaging activity is supplied through an online marketplace that you own (OM), and packaging type is household packaging (HH), packaging class must be online marketplace total (P6)","Pan fo'r gweithgaredd pecynnu yn cael ei gyflenwi trwy farchnad ar-lein sy'n perthyn i chi (OM), a'r math o ddeunydd pecynwaith yw pecynwaith cartref (HH), rhaid i ddosbarth y pecynwaith fod yn gyfanswm y farchnad ar-lein (P6)"
,PackType_HH&PackActivity_OM&PackClass_invalid(P1|P2|P3|P4|P5|O1|O2|B1|null),org_id_placeholder,ABC123456,L,2023-P2,OM,HH,P5,GL,,,,101,,Error/Gwall,25,"When packaging activity is supplied through an online marketplace that you own (OM), and packaging type is household packaging (HH), packaging class must be online marketplace total (P6)","Pan fo'r gweithgaredd pecynnu yn cael ei gyflenwi trwy farchnad ar-lein sy'n perthyn i chi (OM), a'r math o ddeunydd pecynwaith yw pecynwaith cartref (HH), rhaid i ddosbarth y pecynwaith fod yn gyfanswm y farchnad ar-lein (P6)"
,PackType_HH&PackActivity_OM&PackClass_invalid(P1|P2|P3|P4|P5|O1|O2|B1|null),org_id_placeholder,ABC123456,L,2023-P2,OM,HH,O1,GL,,,,101,,Error/Gwall,25,"When packaging activity is supplied through an online marketplace that you own (OM), and packaging type is household packaging (HH), packaging class must be online marketplace total (P6)","Pan fo'r gweithgaredd pecynnu yn cael ei gyflenwi trwy farchnad ar-lein sy'n perthyn i chi (OM), a'r math o ddeunydd pecynwaith yw pecynwaith cartref (HH), rhaid i ddosbarth y pecynwaith fod yn gyfanswm y farchnad ar-lein (P6)"
,PackType_HH&PackActivity_OM&PackClass_invalid(P1|P2|P3|P4|P5|O1|O2|B1|null),org_id_placeholder,ABC123456,L,2023-P2,OM,HH,O2,GL,,,,101,,Error/Gwall,25,"When packaging activity is supplied through an online marketplace that you own (OM), and packaging type is household packaging (HH), packaging class must be online marketplace total (P6)","Pan fo'r gweithgaredd pecynnu yn cael ei gyflenwi trwy farchnad ar-lein sy'n perthyn i chi (OM), a'r math o ddeunydd pecynwaith yw pecynwaith cartref (HH), rhaid i ddosbarth y pecynwaith fod yn gyfanswm y farchnad ar-lein (P6)"
,PackType_HH&PackActivity_OM&PackClass_invalid(P1|P2|P3|P4|P5|O1|O2|B1|null),org_id_placeholder,ABC123456,L,2023-P2,OM,HH,B1,GL,,,,101,,Error/Gwall,25,"When packaging activity is supplied through an online marketplace that you own (OM), and packaging type is household packaging (HH), packaging class must be online marketplace total (P6)","Pan fo'r gweithgaredd pecynnu yn cael ei gyflenwi trwy farchnad ar-lein sy'n perthyn i chi (OM), a'r math o ddeunydd pecynwaith yw pecynwaith cartref (HH), rhaid i ddosbarth y pecynwaith fod yn gyfanswm y farchnad ar-lein (P6)"
,PackType_HH&PackActivity_OM&PackClass_invalid(P1|P2|P3|P4|P5|O1|O2|B1|null),org_id_placeholder,ABC123456,L,2023-P2,OM,HH,,GL,,,,101,,Error/Gwall,25,"When packaging activity is supplied through an online marketplace that you own (OM), and packaging type is household packaging (HH), packaging class must be online marketplace total (P6)","Pan fo'r gweithgaredd pecynnu yn cael ei gyflenwi trwy farchnad ar-lein sy'n perthyn i chi (OM), a'r math o ddeunydd pecynwaith yw pecynwaith cartref (HH), rhaid i ddosbarth y pecynwaith fod yn gyfanswm y farchnad ar-lein (P6)"
,PackType_NH&PackActivity_OM&PackClass_invalid(P1|P2|P3|P4|P5|O1|O2|B1|null),org_id_placeholder,ABC123456,L,2023-P2,OM,NH,P1,GL,,,,101,,Error/Gwall,26,"When packaging activity is supplied through an online marketplace that you own (OM), and packaging type is non-household packaging (NH), packaging class must be online marketplace total (P6)","Pan fo'r gweithgaredd pecynnu yn cael ei gyflenwi trwy farchnad ar-lein sy'n perthyn i chi (OM), a'r math o ddeunydd pecynwaith yw pecynwaith nad yw'n becynwaith cartref (NH), rhaid i ddosbarth y pecynwaith fod yn gyfanswm y farchnad ar-lein (P6)"
,PackType_NH&PackActivity_OM&PackClass_invalid(P1|P2|P3|P4|P5|O1|O2|B1|null),org_id_placeholder,ABC123456,L,2023-P2,OM,NH,P2,GL,,,,101,,Error/Gwall,26,"When packaging activity is supplied through an online marketplace that you own (OM), and packaging type is non-household packaging (NH), packaging class must be online marketplace total (P6)","Pan fo'r gweithgaredd pecynnu yn cael ei gyflenwi trwy farchnad ar-lein sy'n perthyn i chi (OM), a'r math o ddeunydd pecynwaith yw pecynwaith nad yw'n becynwaith cartref (NH), rhaid i ddosbarth y pecynwaith fod yn gyfanswm y farchnad ar-lein (P6)"
,PackType_NH&PackActivity_OM&PackClass_invalid(P1|P2|P3|P4|P5|O1|O2|B1|null),org_id_placeholder,ABC123456,L,2023-P2,OM,NH,P3,GL,,,,101,,Error/Gwall,26,"When packaging activity is supplied through an online marketplace that you own (OM), and packaging type is non-household packaging (NH), packaging class must be online marketplace total (P6)","Pan fo'r gweithgaredd pecynnu yn cael ei gyflenwi trwy farchnad ar-lein sy'n perthyn i chi (OM), a'r math o ddeunydd pecynwaith yw pecynwaith nad yw'n becynwaith cartref (NH), rhaid i ddosbarth y pecynwaith fod yn gyfanswm y farchnad ar-lein (P6)"
,PackType_NH&PackActivity_OM&PackClass_invalid(P1|P2|P3|P4|P5|O1|O2|B1|null),org_id_placeholder,ABC123456,L,2023-P2,OM,NH,P4,GL,,,,101,,Error/Gwall,26,"When packaging activity is supplied through an online marketplace that you own (OM), and packaging type is non-household packaging (NH), packaging class must be online marketplace total (P6)","Pan fo'r gweithgaredd pecynnu yn cael ei gyflenwi trwy farchnad ar-lein sy'n perthyn i chi (OM), a'r math o ddeunydd pecynwaith yw pecynwaith nad yw'n becynwaith cartref (NH), rhaid i ddosbarth y pecynwaith fod yn gyfanswm y farchnad ar-lein (P6)"
,PackType_NH&PackActivity_OM&PackClass_invalid(P1|P2|P3|P4|P5|O1|O2|B1|null),org_id_placeholder,ABC123456,L,2023-P2,OM,NH,P5,GL,,,,101,,Error/Gwall,26,"When packaging activity is supplied through an online marketplace that you own (OM), and packaging type is non-household packaging (NH), packaging class must be online marketplace total (P6)","Pan fo'r gweithgaredd pecynnu yn cael ei gyflenwi trwy farchnad ar-lein sy'n perthyn i chi (OM), a'r math o ddeunydd pecynwaith yw pecynwaith nad yw'n becynwaith cartref (NH), rhaid i ddosbarth y pecynwaith fod yn gyfanswm y farchnad ar-lein (P6)"
,PackType_NH&PackActivity_OM&PackClass_invalid(P1|P2|P3|P4|P5|O1|O2|B1|null),org_id_placeholder,ABC123456,L,2023-P2,OM,NH,O1,GL,,,,101,,Error/Gwall,26,"When packaging activity is supplied through an online marketplace that you own (OM), and packaging type is non-household packaging (NH), packaging class must be online marketplace total (P6)","Pan fo'r gweithgaredd pecynnu yn cael ei gyflenwi trwy farchnad ar-lein sy'n perthyn i chi (OM), a'r math o ddeunydd pecynwaith yw pecynwaith nad yw'n becynwaith cartref (NH), rhaid i ddosbarth y pecynwaith fod yn gyfanswm y farchnad ar-lein (P6)"
,PackType_NH&PackActivity_OM&PackClass_invalid(P1|P2|P3|P4|P5|O1|O2|B1|null),org_id_placeholder,ABC123456,L,2023-P2,OM,NH,O2,GL,,,,101,,Error/Gwall,26,"When packaging activity is supplied through an online marketplace that you own (OM), and packaging type is non-household packaging (NH), packaging class must be online marketplace total (P6)","Pan fo'r gweithgaredd pecynnu yn cael ei gyflenwi trwy farchnad ar-lein sy'n perthyn i chi (OM), a'r math o ddeunydd pecynwaith yw pecynwaith nad yw'n becynwaith cartref (NH), rhaid i ddosbarth y pecynwaith fod yn gyfanswm y farchnad ar-lein (P6)"
,PackType_NH&PackActivity_OM&PackClass_invalid(P1|P2|P3|P4|P5|O1|O2|B1|null),org_id_placeholder,ABC123456,L,2023-P2,OM,NH,B1,GL,,,,101,,Error/Gwall,26,"When packaging activity is supplied through an online marketplace that you own (OM), and packaging type is non-household packaging (NH), packaging class must be online marketplace total (P6)","Pan fo'r gweithgaredd pecynnu yn cael ei gyflenwi trwy farchnad ar-lein sy'n perthyn i chi (OM), a'r math o ddeunydd pecynwaith yw pecynwaith nad yw'n becynwaith cartref (NH), rhaid i ddosbarth y pecynwaith fod yn gyfanswm y farchnad ar-lein (P6)"
,PackType_NH&PackActivity_OM&PackClass_invalid(P1|P2|P3|P4|P5|O1|O2|B1|null),org_id_placeholder,ABC123456,L,2023-P2,OM,NH,,GL,,,,101,,Error/Gwall,26,"When packaging activity is supplied through an online marketplace that you own (OM), and packaging type is non-household packaging (NH), packaging class must be online marketplace total (P6)","Pan fo'r gweithgaredd pecynnu yn cael ei gyflenwi trwy farchnad ar-lein sy'n perthyn i chi (OM), a'r math o ddeunydd pecynwaith yw pecynwaith nad yw'n becynwaith cartref (NH), rhaid i ddosbarth y pecynwaith fod yn gyfanswm y farchnad ar-lein (P6)"
,PackActivity_SO|PF|IM|SE&PackType_NH&PackClass_invalid(P5|P6|O1|O2|B1|null),org_id_placeholder,ABC123456,L,2023-P2,SO,NH,P5,GL,,,,101,,Error/Gwall,28,"When packaging type is non-household waste (NH), packaging class must be one of the codes P1, P2, P3 or P4","Os pecynwaith nad yw'n becynwaith cartref yw'r math o becynwaith, rhaid i ddosbarth y pecynwaith fod yn un o'r codau P1, P2, P3 neu P4"
,PackActivity_SO|PF|IM|SE&PackType_NH&PackClass_invalid(P5|P6|O1|O2|B1|null),org_id_placeholder,ABC123456,L,2023-P2,PF,NH,P6,GL,,,,101,,Error/Gwall,28,"When packaging type is non-household waste (NH), packaging class must be one of the codes P1, P2, P3 or P4","Os pecynwaith nad yw'n becynwaith cartref yw'r math o becynwaith, rhaid i ddosbarth y pecynwaith fod yn un o'r codau P1, P2, P3 neu P4"
,PackActivity_SO|PF|IM|SE&PackType_NH&PackClass_invalid(P5|P6|O1|O2|B1|null),org_id_placeholder,ABC123456,L,2023-P2,IM,NH,O1,GL,,,,101,,Error/Gwall,28,"When packaging type is non-household waste (NH), packaging class must be one of the codes P1, P2, P3 or P4","Os pecynwaith nad yw'n becynwaith cartref yw'r math o becynwaith, rhaid i ddosbarth y pecynwaith fod yn un o'r codau P1, P2, P3 neu P4"
,PackActivity_SO|PF|IM|SE&PackType_NH&PackClass_invalid(P5|P6|O1|O2|B1|null),org_id_placeholder,ABC123456,L,2023-P2,SE,NH,O2,GL,,,,101,,Error/Gwall,28,"When packaging type is non-household waste (NH), packaging class must be one of the codes P1, P2, P3 or P4","Os pecynwaith nad yw'n becynwaith cartref yw'r math o becynwaith, rhaid i ddosbarth y pecynwaith fod yn un o'r codau P1, P2, P3 neu P4"
,PackActivity_SO|PF|IM|SE&PackType_NH&PackClass_invalid(P5|P6|O1|O2|B1|null),org_id_placeholder,ABC123456,L,2023-P2,SO,NH,B1,GL,,,,101,,Error/Gwall,28,"When packaging type is non-household waste (NH), packaging class must be one of the codes P1, P2, P3 or P4","Os pecynwaith nad yw'n becynwaith cartref yw'r math o becynwaith, rhaid i ddosbarth y pecynwaith fod yn un o'r codau P1, P2, P3 neu P4"
,PackActivity_SO|PF|IM|SE&PackType_NH&PackClass_invalid(P5|P6|O1|O2|B1|null),org_id_placeholder,ABC123456,L,2023-P2,SE,NH,,GL,,,,101,,Error/Gwall,28,"When packaging type is non-household waste (NH), packaging class must be one of the codes P1, P2, P3 or P4","Os pecynwaith nad yw'n becynwaith cartref yw'r math o becynwaith, rhaid i ddosbarth y pecynwaith fod yn un o'r codau P1, P2, P3 neu P4"
,PackType_CW&PackClass_invalid(P1|P2|P3|P4|P5|P6|O2|B1|null),org_id_placeholder,ABC123456,L,2023-P2,,CW,P1,PL,,EN,,101,,Error/Gwall,29,Packaging type is self-managed consumer waste (CW) so packaging class can only be self-managed consumer waste - all (O1),"Gwastraff defnyddwyr hunan-reoledig (CW) yw'r math o becynwaith, felly gwastraff defnyddwyr hunan-reoledig - i gyd (O1) yw'r unig ddosbarth pecynwaith sy'n bosibl"
,PackType_CW&PackClass_invalid(P1|P2|P3|P4|P5|P6|O2|B1|null),org_id_placeholder,ABC123456,L,2023-P2,,CW,P2,PL,,EN,,101,,Error/Gwall,29,Packaging type is self-managed consumer waste (CW) so packaging class can only be self-managed consumer waste - all (O1),"Gwastraff defnyddwyr hunan-reoledig (CW) yw'r math o becynwaith, felly gwastraff defnyddwyr hunan-reoledig - i gyd (O1) yw'r unig ddosbarth pecynwaith sy'n bosibl"
,PackType_CW&PackClass_invalid(P1|P2|P3|P4|P5|P6|O2|B1|null),org_id_placeholder,ABC123456,L,2023-P2,,CW,P3,PL,,EN,,101,,Error/Gwall,29,Packaging type is self-managed consumer waste (CW) so packaging class can only be self-managed consumer waste - all (O1),"Gwastraff defnyddwyr hunan-reoledig (CW) yw'r math o becynwaith, felly gwastraff defnyddwyr hunan-reoledig - i gyd (O1) yw'r unig ddosbarth pecynwaith sy'n bosibl"
,PackType_CW&PackClass_invalid(P1|P2|P3|P4|P5|P6|O2|B1|null),org_id_placeholder,ABC123456,L,2023-P2,,CW,P4,PL,,EN,,101,,Error/Gwall,29,Packaging type is self-managed consumer waste (CW) so packaging class can only be self-managed consumer waste - all (O1),"Gwastraff defnyddwyr hunan-reoledig (CW) yw'r math o becynwaith, felly gwastraff defnyddwyr hunan-reoledig - i gyd (O1) yw'r unig ddosbarth pecynwaith sy'n bosibl"
,PackType_CW&PackClass_invalid(P1|P2|P3|P4|P5|P6|O2|B1|null),org_id_placeholder,ABC123456,L,2023-P2,,CW,P5,PL,,EN,,101,,Error/Gwall,29,Packaging type is self-managed consumer waste (CW) so packaging class can only be self-managed consumer waste - all (O1),"Gwastraff defnyddwyr hunan-reoledig (CW) yw'r math o becynwaith, felly gwastraff defnyddwyr hunan-reoledig - i gyd (O1) yw'r unig ddosbarth pecynwaith sy'n bosibl"
,PackType_CW&PackClass_invalid(P1|P2|P3|P4|P5|P6|O2|B1|null),org_id_placeholder,ABC123456,L,2023-P2,,CW,P6,PL,,EN,,101,,Error/Gwall,29,Packaging type is self-managed consumer waste (CW) so packaging class can only be self-managed consumer waste - all (O1),"Gwastraff defnyddwyr hunan-reoledig (CW) yw'r math o becynwaith, felly gwastraff defnyddwyr hunan-reoledig - i gyd (O1) yw'r unig ddosbarth pecynwaith sy'n bosibl"
,PackType_CW&PackClass_invalid(P1|P2|P3|P4|P5|P6|O2|B1|null),org_id_placeholder,ABC123456,L,2023-P2,,CW,O2,PL,,EN,,101,,Error/Gwall,29,Packaging type is self-managed consumer waste (CW) so packaging class can only be self-managed consumer waste - all (O1),"Gwastraff defnyddwyr hunan-reoledig (CW) yw'r math o becynwaith, felly gwastraff defnyddwyr hunan-reoledig - i gyd (O1) yw'r unig ddosbarth pecynwaith sy'n bosibl"
,PackType_CW&PackClass_invalid(P1|P2|P3|P4|P5|P6|O2|B1|null),org_id_placeholder,ABC123456,L,2023-P2,,CW,B1,PL,,EN,,101,,Error/Gwall,29,Packaging type is self-managed consumer waste (CW) so packaging class can only be self-managed consumer waste - all (O1),"Gwastraff defnyddwyr hunan-reoledig (CW) yw'r math o becynwaith, felly gwastraff defnyddwyr hunan-reoledig - i gyd (O1) yw'r unig ddosbarth pecynwaith sy'n bosibl"
,PackType_CW&PackClass_invalid(P1|P2|P3|P4|P5|P6|O2|B1|null),org_id_placeholder,ABC123456,L,2023-P2,,CW,,PL,,EN,,101,,Error/Gwall,29,Packaging type is self-managed consumer waste (CW) so packaging class can only be self-managed consumer waste - all (O1),"Gwastraff defnyddwyr hunan-reoledig (CW) yw'r math o becynwaith, felly gwastraff defnyddwyr hunan-reoledig - i gyd (O1) yw'r unig ddosbarth pecynwaith sy'n bosibl"
,PackType_OW&PackClass_invalid(P1|P2|P3|P4|P5|P6|O1|B1|null),org_id_placeholder,ABC123456,L,2023-P2,,OW,P1,GL,,EN,,101,,Error/Gwall,30,Packaging type is self-managed organisation waste (OW) so packaging class can only be organisation waste - origin (O2),"Gwastraff sefydliad hunan-reoledig (OW) yw'r math o becynwaith, felly gwastraff sefydliad - tarddiad (O2) yw'r unig ddosbarth pecynwaith sy'n bosibl"
,PackType_OW&PackClass_invalid(P1|P2|P3|P4|P5|P6|O1|B1|null),org_id_placeholder,ABC123456,L,2023-P2,,OW,P2,GL,,EN,,101,,Error/Gwall,30,Packaging type is self-managed organisation waste (OW) so packaging class can only be organisation waste - origin (O2),"Gwastraff sefydliad hunan-reoledig (OW) yw'r math o becynwaith, felly gwastraff sefydliad - tarddiad (O2) yw'r unig ddosbarth pecynwaith sy'n bosibl"
,PackType_OW&PackClass_invalid(P1|P2|P3|P4|P5|P6|O1|B1|null),org_id_placeholder,ABC123456,L,2023-P2,,OW,P3,GL,,EN,,101,,Error/Gwall,30,Packaging type is self-managed organisation waste (OW) so packaging class can only be organisation waste - origin (O2),"Gwastraff sefydliad hunan-reoledig (OW) yw'r math o becynwaith, felly gwastraff sefydliad - tarddiad (O2) yw'r unig ddosbarth pecynwaith sy'n bosibl"
,PackType_OW&PackClass_invalid(P1|P2|P3|P4|P5|P6|O1|B1|null),org_id_placeholder,ABC123456,L,2023-P2,,OW,P4,GL,,EN,,101,,Error/Gwall,30,Packaging type is self-managed organisation waste (OW) so packaging class can only be organisation waste - origin (O2),"Gwastraff sefydliad hunan-reoledig (OW) yw'r math o becynwaith, felly gwastraff sefydliad - tarddiad (O2) yw'r unig ddosbarth pecynwaith sy'n bosibl"
,PackType_OW&PackClass_invalid(P1|P2|P3|P4|P5|P6|O1|B1|null),org_id_placeholder,ABC123456,L,2023-P2,,OW,P5,GL,,EN,,101,,Error/Gwall,30,Packaging type is self-managed organisation waste (OW) so packaging class can only be organisation waste - origin (O2),"Gwastraff sefydliad hunan-reoledig (OW) yw'r math o becynwaith, felly gwastraff sefydliad - tarddiad (O2) yw'r unig ddosbarth pecynwaith sy'n bosibl"
,PackType_OW&PackClass_invalid(P1|P2|P3|P4|P5|P6|O1|B1|null),org_id_placeholder,ABC123456,L,2023-P2,,OW,P6,GL,,EN,,101,,Error/Gwall,30,Packaging type is self-managed organisation waste (OW) so packaging class can only be organisation waste - origin (O2),"Gwastraff sefydliad hunan-reoledig (OW) yw'r math o becynwaith, felly gwastraff sefydliad - tarddiad (O2) yw'r unig ddosbarth pecynwaith sy'n bosibl"
,PackType_OW&PackClass_invalid(P1|P2|P3|P4|P5|P6|O1|B1|null),org_id_placeholder,ABC123456,L,2023-P2,,OW,O1,GL,,EN,,101,,Error/Gwall,30,Packaging type is self-managed organisation waste (OW) so packaging class can only be organisation waste - origin (O2),"Gwastraff sefydliad hunan-reoledig (OW) yw'r math o becynwaith, felly gwastraff sefydliad - tarddiad (O2) yw'r unig ddosbarth pecynwaith sy'n bosibl"
,PackType_OW&PackClass_invalid(P1|P2|P3|P4|P5|P6|O1|B1|null),org_id_placeholder,ABC123456,L,2023-P2,,OW,B1,GL,,EN,,101,,Error/Gwall,30,Packaging type is self-managed organisation waste (OW) so packaging class can only be organisation waste - origin (O2),"Gwastraff sefydliad hunan-reoledig (OW) yw'r math o becynwaith, felly gwastraff sefydliad - tarddiad (O2) yw'r unig ddosbarth pecynwaith sy'n bosibl"
,PackType_OW&PackClass_invalid(P1|P2|P3|P4|P5|P6|O1|B1|null),org_id_placeholder,ABC123456,L,2023-P2,,OW,,GL,,EN,,101,,Error/Gwall,30,Packaging type is self-managed organisation waste (OW) so packaging class can only be organisation waste - origin (O2),"Gwastraff sefydliad hunan-reoledig (OW) yw'r math o becynwaith, felly gwastraff sefydliad - tarddiad (O2) yw'r unig ddosbarth pecynwaith sy'n bosibl"
,PackType_HH&PackClass_invalid(P2|P4|P5|P6|O1|O2|B1|null),org_id_placeholder,ABC123456,L,2023-P2,SO,HH,P2,GL,,,,101,,Error/Gwall,31,"Packaging type is household packaging (HH) so packaging class can only be one of primary packaging (P1), shipment packaging (P3) or online marketplace total (P6)","Pecynwaith cartref (HH) yw'r math o becynwaith, felly un o blith pecynwaith sylfaenol (P1), pecynwaith cludo (P3) neu gyfanswm y farchnad ar-lein (P6) yw'r unig ddosbarth pecynwaith sy'n bosibl"
,PackType_HH&PackClass_invalid(P2|P4|P5|P6|O1|O2|B1|null),org_id_placeholder,ABC123456,L,2023-P2,PF,HH,P4,GL,,,,101,,Error/Gwall,31,"Packaging type is household packaging (HH) so packaging class can only be one of primary packaging (P1), shipment packaging (P3) or online marketplace total (P6)","Pecynwaith cartref (HH) yw'r math o becynwaith, felly un o blith pecynwaith sylfaenol (P1), pecynwaith cludo (P3) neu gyfanswm y farchnad ar-lein (P6) yw'r unig ddosbarth pecynwaith sy'n bosibl"
,PackType_HH&PackClass_invalid(P2|P4|P5|P6|O1|O2|B1|null),org_id_placeholder,ABC123456,L,2023-P2,IM,HH,P5,GL,,,,101,,Error/Gwall,31,"Packaging type is household packaging (HH) so packaging class can only be one of primary packaging (P1), shipment packaging (P3) or online marketplace total (P6)","Pecynwaith cartref (HH) yw'r math o becynwaith, felly un o blith pecynwaith sylfaenol (P1), pecynwaith cludo (P3) neu gyfanswm y farchnad ar-lein (P6) yw'r unig ddosbarth pecynwaith sy'n bosibl"
,PackType_HH&PackClass_invalid(P2|P4|P5|P6|O1|O2|B1|null),org_id_placeholder,ABC123456,L,2023-P2,SE,HH,P6,GL,,,,101,,Error/Gwall,31,"Packaging type is household packaging (HH) so packaging class can only be one of primary packaging (P1), shipment packaging (P3) or online marketplace total (P6)","Pecynwaith cartref (HH) yw'r math o becynwaith, felly un o blith pecynwaith sylfaenol (P1), pecynwaith cludo (P3) neu gyfanswm y farchnad ar-lein (P6) yw'r unig ddosbarth pecynwaith sy'n bosibl"
,PackType_HH&PackClass_invalid(P2|P4|P5|P6|O1|O2|B1|null),org_id_placeholder,ABC123456,L,2023-P2,HL,HH,O1,GL,,,,101,,Error/Gwall,31,"Packaging type is household packaging (HH) so packaging class can only be one of primary packaging (P1), shipment packaging (P3) or online marketplace total (P6)","Pecynwaith cartref (HH) yw'r math o becynwaith, felly un o blith pecynwaith sylfaenol (P1), pecynwaith cludo (P3) neu gyfanswm y farchnad ar-lein (P6) yw'r unig ddosbarth pecynwaith sy'n bosibl"
,PackType_HH&PackClass_invalid(P2|P4|P5|P6|O1|O2|B1|null),org_id_placeholder,ABC123456,L,2023-P2,HL,HH,O2,GL,,,,101,,Error/Gwall,31,"Packaging type is household packaging (HH) so packaging class can only be one of primary packaging (P1), shipment packaging (P3) or online marketplace total (P6)","Pecynwaith cartref (HH) yw'r math o becynwaith, felly un o blith pecynwaith sylfaenol (P1), pecynwaith cludo (P3) neu gyfanswm y farchnad ar-lein (P6) yw'r unig ddosbarth pecynwaith sy'n bosibl"
,PackType_HH&PackClass_invalid(P2|P4|P5|P6|O1|O2|B1|null),org_id_placeholder,ABC123456,L,2023-P2,IM,HH,B1,GL,,,,101,,Error/Gwall,31,"Packaging type is household packaging (HH) so packaging class can only be one of primary packaging (P1), shipment packaging (P3) or online marketplace total (P6)","Pecynwaith cartref (HH) yw'r math o becynwaith, felly un o blith pecynwaith sylfaenol (P1), pecynwaith cludo (P3) neu gyfanswm y farchnad ar-lein (P6) yw'r unig ddosbarth pecynwaith sy'n bosibl"
,PackType_HH&PackClass_invalid(P2|P4|P5|P6|O1|O2|B1|null),org_id_placeholder,ABC123456,L,2023-P2,SO,HH,,GL,,,,101,,Error/Gwall,31,"Packaging type is household packaging (HH) so packaging class can only be one of primary packaging (P1), shipment packaging (P3) or online marketplace total (P6)","Pecynwaith cartref (HH) yw'r math o becynwaith, felly un o blith pecynwaith sylfaenol (P1), pecynwaith cludo (P3) neu gyfanswm y farchnad ar-lein (P6) yw'r unig ddosbarth pecynwaith sy'n bosibl"
,PackType_PB&PackClass_invalid(P1|P2|P3|P4|P5|P6|O1|O2|null),org_id_placeholder,ABC123456,L,2023-P2,SO,PB,P1,GL,,,,101,,Error/Gwall,33,Packaging type is commonly ends up in public bins (PB) so packaging class can only be public bin (B1),Yn dod i ben yn gyffredin mewn biniau cyhoeddus (PB) yw'r math pecynwaith felly dim ond bin cyhoeddus (B1) all gael ei roi fel dosbarth pecynwaith.
,PackType_PB&PackClass_invalid(P1|P2|P3|P4|P5|P6|O1|O2|null),org_id_placeholder,ABC123456,L,2023-P2,SO,PB,P2,GL,,,,101,,Error/Gwall,33,Packaging type is commonly ends up in public bins (PB) so packaging class can only be public bin (B1),Yn dod i ben yn gyffredin mewn biniau cyhoeddus (PB) yw'r math pecynwaith felly dim ond bin cyhoeddus (B1) all gael ei roi fel dosbarth pecynwaith.
,PackType_PB&PackClass_invalid(P1|P2|P3|P4|P5|P6|O1|O2|null),org_id_placeholder,ABC123456,L,2023-P2,SO,PB,P3,GL,,,,101,,Error/Gwall,33,Packaging type is commonly ends up in public bins (PB) so packaging class can only be public bin (B1),Yn dod i ben yn gyffredin mewn biniau cyhoeddus (PB) yw'r math pecynwaith felly dim ond bin cyhoeddus (B1) all gael ei roi fel dosbarth pecynwaith.
,PackType_PB&PackClass_invalid(P1|P2|P3|P4|P5|P6|O1|O2|null),org_id_placeholder,ABC123456,L,2023-P2,SO,PB,P4,GL,,,,101,,Error/Gwall,33,Packaging type is commonly ends up in public bins (PB) so packaging class can only be public bin (B1),Yn dod i ben yn gyffredin mewn biniau cyhoeddus (PB) yw'r math pecynwaith felly dim ond bin cyhoeddus (B1) all gael ei roi fel dosbarth pecynwaith.
,PackType_PB&PackClass_invalid(P1|P2|P3|P4|P5|P6|O1|O2|null),org_id_placeholder,ABC123456,L,2023-P2,SO,PB,P5,GL,,,,101,,Error/Gwall,33,Packaging type is commonly ends up in public bins (PB) so packaging class can only be public bin (B1),Yn dod i ben yn gyffredin mewn biniau cyhoeddus (PB) yw'r math pecynwaith felly dim ond bin cyhoeddus (B1) all gael ei roi fel dosbarth pecynwaith.
,PackType_PB&PackClass_invalid(P1|P2|P3|P4|P5|P6|O1|O2|null),org_id_placeholder,ABC123456,L,2023-P2,SO,PB,P6,GL,,,,101,,Error/Gwall,33,Packaging type is commonly ends up in public bins (PB) so packaging class can only be public bin (B1),Yn dod i ben yn gyffredin mewn biniau cyhoeddus (PB) yw'r math pecynwaith felly dim ond bin cyhoeddus (B1) all gael ei roi fel dosbarth pecynwaith.
,PackType_PB&PackClass_invalid(P1|P2|P3|P4|P5|P6|O1|O2|null),org_id_placeholder,ABC123456,L,2023-P2,SO,PB,O1,GL,,,,101,,Error/Gwall,33,Packaging type is commonly ends up in public bins (PB) so packaging class can only be public bin (B1),Yn dod i ben yn gyffredin mewn biniau cyhoeddus (PB) yw'r math pecynwaith felly dim ond bin cyhoeddus (B1) all gael ei roi fel dosbarth pecynwaith.
,PackType_PB&PackClass_invalid(P1|P2|P3|P4|P5|P6|O1|O2|null),org_id_placeholder,ABC123456,L,2023-P2,SO,PB,O2,GL,,,,101,,Error/Gwall,33,Packaging type is commonly ends up in public bins (PB) so packaging class can only be public bin (B1),Yn dod i ben yn gyffredin mewn biniau cyhoeddus (PB) yw'r math pecynwaith felly dim ond bin cyhoeddus (B1) all gael ei roi fel dosbarth pecynwaith.
,PackType_PB&PackClass_invalid(P1|P2|P3|P4|P5|P6|O1|O2|null),org_id_placeholder,ABC123456,L,2023-P2,SO,PB,,GL,,,,101,,Error/Gwall,33,Packaging type is commonly ends up in public bins (PB) so packaging class can only be public bin (B1),Yn dod i ben yn gyffredin mewn biniau cyhoeddus (PB) yw'r math pecynwaith felly dim ond bin cyhoeddus (B1) all gael ei roi fel dosbarth pecynwaith.
,PackType_HDC&PackClass_invalid(P1|P2|P3|P4|P5|P6|O1|O2|B1),org_id_placeholder,ABC123456,L,2023-P2,SO,HDC,P1,GL,,,,101,101,Error/Gwall,34,Packaging type is household drinks containers (HDC) or non-household drinks containers (NDC) so do not enter a packaging class,"Cynwysyddion diodydd cartref (HDC) neu gynwysyddion diodydd nad ydynt yn gynwysyddion diodydd cartref (NDC) yw'r math o becynwaith, felly peidiwch â rhoi dosbarth pecynwaith"
,PackType_HDC&PackClass_invalid(P1|P2|P3|P4|P5|P6|O1|O2|B1),org_id_placeholder,ABC123456,L,2023-P2,SO,HDC,P2,GL,,,,101,101,Error/Gwall,34,Packaging type is household drinks containers (HDC) or non-household drinks containers (NDC) so do not enter a packaging class,"Cynwysyddion diodydd cartref (HDC) neu gynwysyddion diodydd nad ydynt yn gynwysyddion diodydd cartref (NDC) yw'r math o becynwaith, felly peidiwch â rhoi dosbarth pecynwaith"
,PackType_HDC&PackClass_invalid(P1|P2|P3|P4|P5|P6|O1|O2|B1),org_id_placeholder,ABC123456,L,2023-P2,SO,HDC,P3,GL,,,,101,101,Error/Gwall,34,Packaging type is household drinks containers (HDC) or non-household drinks containers (NDC) so do not enter a packaging class,"Cynwysyddion diodydd cartref (HDC) neu gynwysyddion diodydd nad ydynt yn gynwysyddion diodydd cartref (NDC) yw'r math o becynwaith, felly peidiwch â rhoi dosbarth pecynwaith"
,PackType_HDC&PackClass_invalid(P1|P2|P3|P4|P5|P6|O1|O2|B1),org_id_placeholder,ABC123456,L,2023-P2,SO,HDC,P4,GL,,,,101,101,Error/Gwall,34,Packaging type is household drinks containers (HDC) or non-household drinks containers (NDC) so do not enter a packaging class,"Cynwysyddion diodydd cartref (HDC) neu gynwysyddion diodydd nad ydynt yn gynwysyddion diodydd cartref (NDC) yw'r math o becynwaith, felly peidiwch â rhoi dosbarth pecynwaith"
,PackType_HDC&PackClass_invalid(P1|P2|P3|P4|P5|P6|O1|O2|B1),org_id_placeholder,ABC123456,L,2023-P2,SO,HDC,P5,GL,,,,101,101,Error/Gwall,34,Packaging type is household drinks containers (HDC) or non-household drinks containers (NDC) so do not enter a packaging class,"Cynwysyddion diodydd cartref (HDC) neu gynwysyddion diodydd nad ydynt yn gynwysyddion diodydd cartref (NDC) yw'r math o becynwaith, felly peidiwch â rhoi dosbarth pecynwaith"
,PackType_HDC&PackClass_invalid(P1|P2|P3|P4|P5|P6|O1|O2|B1),org_id_placeholder,ABC123456,L,2023-P2,SO,HDC,P6,GL,,,,101,101,Error/Gwall,34,Packaging type is household drinks containers (HDC) or non-household drinks containers (NDC) so do not enter a packaging class,"Cynwysyddion diodydd cartref (HDC) neu gynwysyddion diodydd nad ydynt yn gynwysyddion diodydd cartref (NDC) yw'r math o becynwaith, felly peidiwch â rhoi dosbarth pecynwaith"
,PackType_HDC&PackClass_invalid(P1|P2|P3|P4|P5|P6|O1|O2|B1),org_id_placeholder,ABC123456,L,2023-P2,SO,HDC,O1,GL,,,,101,101,Error/Gwall,34,Packaging type is household drinks containers (HDC) or non-household drinks containers (NDC) so do not enter a packaging class,"Cynwysyddion diodydd cartref (HDC) neu gynwysyddion diodydd nad ydynt yn gynwysyddion diodydd cartref (NDC) yw'r math o becynwaith, felly peidiwch â rhoi dosbarth pecynwaith"
,PackType_HDC&PackClass_invalid(P1|P2|P3|P4|P5|P6|O1|O2|B1),org_id_placeholder,ABC123456,L,2023-P2,SO,HDC,O2,GL,,,,101,101,Error/Gwall,34,Packaging type is household drinks containers (HDC) or non-household drinks containers (NDC) so do not enter a packaging class,"Cynwysyddion diodydd cartref (HDC) neu gynwysyddion diodydd nad ydynt yn gynwysyddion diodydd cartref (NDC) yw'r math o becynwaith, felly peidiwch â rhoi dosbarth pecynwaith"
,PackType_HDC&PackClass_invalid(P1|P2|P3|P4|P5|P6|O1|O2|B1),org_id_placeholder,ABC123456,L,2023-P2,SO,HDC,B1,GL,,,,101,101,Error/Gwall,34,Packaging type is household drinks containers (HDC) or non-household drinks containers (NDC) so do not enter a packaging class,"Cynwysyddion diodydd cartref (HDC) neu gynwysyddion diodydd nad ydynt yn gynwysyddion diodydd cartref (NDC) yw'r math o becynwaith, felly peidiwch â rhoi dosbarth pecynwaith"
,PackType_NDC&PackClass_invalid(P1|P2|P3|P4|P5|P6|O1|O2|B1),org_id_placeholder,BCD,L,2023-P2,SO,NDC,P1,GL,,,,101,101,Error/Gwall,34,Packaging type is household drinks containers (HDC) or non-household drinks containers (NDC) so do not enter a packaging class,"Cynwysyddion diodydd cartref (HDC) neu gynwysyddion diodydd nad ydynt yn gynwysyddion diodydd cartref (NDC) yw'r math o becynwaith, felly peidiwch â rhoi dosbarth pecynwaith"
,PackType_NDC&PackClass_invalid(P1|P2|P3|P4|P5|P6|O1|O2|B1),org_id_placeholder,BCD,L,2023-P2,SO,NDC,P2,GL,,,,101,101,Error/Gwall,34,Packaging type is household drinks containers (HDC) or non-household drinks containers (NDC) so do not enter a packaging class,"Cynwysyddion diodydd cartref (HDC) neu gynwysyddion diodydd nad ydynt yn gynwysyddion diodydd cartref (NDC) yw'r math o becynwaith, felly peidiwch â rhoi dosbarth pecynwaith"
,PackType_NDC&PackClass_invalid(P1|P2|P3|P4|P5|P6|O1|O2|B1),org_id_placeholder,BCD,L,2023-P2,SO,NDC,P3,GL,,,,101,101,Error/Gwall,34,Packaging type is household drinks containers (HDC) or non-household drinks containers (NDC) so do not enter a packaging class,"Cynwysyddion diodydd cartref (HDC) neu gynwysyddion diodydd nad ydynt yn gynwysyddion diodydd cartref (NDC) yw'r math o becynwaith, felly peidiwch â rhoi dosbarth pecynwaith"
,PackType_NDC&PackClass_invalid(P1|P2|P3|P4|P5|P6|O1|O2|B1),org_id_placeholder,BCD,L,2023-P2,SO,NDC,P4,GL,,,,101,101,Error/Gwall,34,Packaging type is household drinks containers (HDC) or non-household drinks containers (NDC) so do not enter a packaging class,"Cynwysyddion diodydd cartref (HDC) neu gynwysyddion diodydd nad ydynt yn gynwysyddion diodydd cartref (NDC) yw'r math o becynwaith, felly peidiwch â rhoi dosbarth pecynwaith"
,PackType_NDC&PackClass_invalid(P1|P2|P3|P4|P5|P6|O1|O2|B1),org_id_placeholder,BCD,L,2023-P2,SO,NDC,P5,GL,,,,101,101,Error/Gwall,34,Packaging type is household drinks containers (HDC) or non-household drinks containers (NDC) so do not enter a packaging class,"Cynwysyddion diodydd cartref (HDC) neu gynwysyddion diodydd nad ydynt yn gynwysyddion diodydd cartref (NDC) yw'r math o becynwaith, felly peidiwch â rhoi dosbarth pecynwaith"
,PackType_NDC&PackClass_invalid(P1|P2|P3|P4|P5|P6|O1|O2|B1),org_id_placeholder,BCD,L,2023-P2,SO,NDC,P6,GL,,,,101,101,Error/Gwall,34,Packaging type is household drinks containers (HDC) or non-household drinks containers (NDC) so do not enter a packaging class,"Cynwysyddion diodydd cartref (HDC) neu gynwysyddion diodydd nad ydynt yn gynwysyddion diodydd cartref (NDC) yw'r math o becynwaith, felly peidiwch â rhoi dosbarth pecynwaith"
,PackType_NDC&PackClass_invalid(P1|P2|P3|P4|P5|P6|O1|O2|B1),org_id_placeholder,BCD,L,2023-P2,SO,NDC,O1,GL,,,,101,101,Error/Gwall,34,Packaging type is household drinks containers (HDC) or non-household drinks containers (NDC) so do not enter a packaging class,"Cynwysyddion diodydd cartref (HDC) neu gynwysyddion diodydd nad ydynt yn gynwysyddion diodydd cartref (NDC) yw'r math o becynwaith, felly peidiwch â rhoi dosbarth pecynwaith"
,PackType_NDC&PackClass_invalid(P1|P2|P3|P4|P5|P6|O1|O2|B1),org_id_placeholder,BCD,L,2023-P2,SO,NDC,O2,GL,,,,101,101,Error/Gwall,34,Packaging type is household drinks containers (HDC) or non-household drinks containers (NDC) so do not enter a packaging class,"Cynwysyddion diodydd cartref (HDC) neu gynwysyddion diodydd nad ydynt yn gynwysyddion diodydd cartref (NDC) yw'r math o becynwaith, felly peidiwch â rhoi dosbarth pecynwaith"
,PackType_NDC&PackClass_invalid(P1|P2|P3|P4|P5|P6|O1|O2|B1),org_id_placeholder,BCD,L,2023-P2,SO,NDC,B1,GL,,,,101,101,Error/Gwall,34,Packaging type is household drinks containers (HDC) or non-household drinks containers (NDC) so do not enter a packaging class,"Cynwysyddion diodydd cartref (HDC) neu gynwysyddion diodydd nad ydynt yn gynwysyddion diodydd cartref (NDC) yw'r math o becynwaith, felly peidiwch â rhoi dosbarth pecynwaith"
,PackType_RU&PackClass_invalid(P2|P3|P4|P6|O1|O2|B1|null),org_id_placeholder,ABC123456,L,2023-P2,SO,RU,P2,GL,,,,101,,Error/Gwall,35,Packaging type is reusable packaging (RU) so packaging class can only be primary packaging (P1) or non-primary reusable packaging (P5),"Pecynwaith ailddefnyddiadwy (RU) yw'r math o becynwaith, felly pecynwaith sylfaenol (P1) neu becynwaith ailddefnyddiadwy nad yw'n becynwaith sylfaenol (P5) yw'r unig ddosbarth pecynwaith sy'n bosibl"
,PackType_RU&PackClass_invalid(P2|P3|P4|P6|O1|O2|B1|null),org_id_placeholder,ABC123456,L,2023-P2,SO,RU,P3,GL,,,,101,,Error/Gwall,35,Packaging type is reusable packaging (RU) so packaging class can only be primary packaging (P1) or non-primary reusable packaging (P5),"Pecynwaith ailddefnyddiadwy (RU) yw'r math o becynwaith, felly pecynwaith sylfaenol (P1) neu becynwaith ailddefnyddiadwy nad yw'n becynwaith sylfaenol (P5) yw'r unig ddosbarth pecynwaith sy'n bosibl"
,PackType_RU&PackClass_invalid(P2|P3|P4|P6|O1|O2|B1|null),org_id_placeholder,ABC123456,L,2023-P2,SO,RU,P4,GL,,,,101,,Error/Gwall,35,Packaging type is reusable packaging (RU) so packaging class can only be primary packaging (P1) or non-primary reusable packaging (P5),"Pecynwaith ailddefnyddiadwy (RU) yw'r math o becynwaith, felly pecynwaith sylfaenol (P1) neu becynwaith ailddefnyddiadwy nad yw'n becynwaith sylfaenol (P5) yw'r unig ddosbarth pecynwaith sy'n bosibl"
,PackType_RU&PackClass_invalid(P2|P3|P4|P6|O1|O2|B1|null),org_id_placeholder,ABC123456,L,2023-P2,SO,RU,P6,GL,,,,101,,Error/Gwall,35,Packaging type is reusable packaging (RU) so packaging class can only be primary packaging (P1) or non-primary reusable packaging (P5),"Pecynwaith ailddefnyddiadwy (RU) yw'r math o becynwaith, felly pecynwaith sylfaenol (P1) neu becynwaith ailddefnyddiadwy nad yw'n becynwaith sylfaenol (P5) yw'r unig ddosbarth pecynwaith sy'n bosibl"
,PackType_RU&PackClass_invalid(P2|P3|P4|P6|O1|O2|B1|null),org_id_placeholder,ABC123456,L,2023-P2,SO,RU,O1,GL,,,,101,,Error/Gwall,35,Packaging type is reusable packaging (RU) so packaging class can only be primary packaging (P1) or non-primary reusable packaging (P5),"Pecynwaith ailddefnyddiadwy (RU) yw'r math o becynwaith, felly pecynwaith sylfaenol (P1) neu becynwaith ailddefnyddiadwy nad yw'n becynwaith sylfaenol (P5) yw'r unig ddosbarth pecynwaith sy'n bosibl"
,PackType_RU&PackClass_invalid(P2|P3|P4|P6|O1|O2|B1|null),org_id_placeholder,ABC123456,L,2023-P2,SO,RU,O2,GL,,,,101,,Error/Gwall,35,Packaging type is reusable packaging (RU) so packaging class can only be primary packaging (P1) or non-primary reusable packaging (P5),"Pecynwaith ailddefnyddiadwy (RU) yw'r math o becynwaith, felly pecynwaith sylfaenol (P1) neu becynwaith ailddefnyddiadwy nad yw'n becynwaith sylfaenol (P5) yw'r unig ddosbarth pecynwaith sy'n bosibl"
,PackType_RU&PackClass_invalid(P2|P3|P4|P6|O1|O2|B1|null),org_id_placeholder,ABC123456,L,2023-P2,SO,RU,B1,GL,,,,101,,Error/Gwall,35,Packaging type is reusable packaging (RU) so packaging class can only be primary packaging (P1) or non-primary reusable packaging (P5),"Pecynwaith ailddefnyddiadwy (RU) yw'r math o becynwaith, felly pecynwaith sylfaenol (P1) neu becynwaith ailddefnyddiadwy nad yw'n becynwaith sylfaenol (P5) yw'r unig ddosbarth pecynwaith sy'n bosibl"
,PackType_RU&PackClass_invalid(P2|P3|P4|P6|O1|O2|B1|null),org_id_placeholder,ABC123456,L,2023-P2,SO,RU,,GL,,,,101,,Error/Gwall,35,Packaging type is reusable packaging (RU) so packaging class can only be primary packaging (P1) or non-primary reusable packaging (P5),"Pecynwaith ailddefnyddiadwy (RU) yw'r math o becynwaith, felly pecynwaith sylfaenol (P1) neu becynwaith ailddefnyddiadwy nad yw'n becynwaith sylfaenol (P5) yw'r unig ddosbarth pecynwaith sy'n bosibl"
,PackType_HDC&PackMaterial_invalid(WD|PC|FC|OT),org_id_placeholder,ABC123456,L,2023-P2,SO,HDC,,WD,,,,101,101,Error/Gwall,37,"Packaging material for household drinks containers (HDC) and non-household drinks containers (NDC) must be one of aluminium (AL), glass (GL), plastic (PL) or steel (ST)","Rhaid i'r deunydd pecynwaith ar gyfer cynwysyddion diodydd cartref (HDC) a chynwysyddion diodydd nad ydynt yn gynwysyddion diodydd cartref (NDC) fod yn un o blith alwminiwm (AL), gwydr (GL), plastig (PL) neu ddur (ST)"
,PackType_HDC&PackMaterial_invalid(WD|PC|FC|OT),org_id_placeholder,ABC123456,L,2023-P2,SO,HDC,,PC,,,,101,101,Error/Gwall,37,"Packaging material for household drinks containers (HDC) and non-household drinks containers (NDC) must be one of aluminium (AL), glass (GL), plastic (PL) or steel (ST)","Rhaid i'r deunydd pecynwaith ar gyfer cynwysyddion diodydd cartref (HDC) a chynwysyddion diodydd nad ydynt yn gynwysyddion diodydd cartref (NDC) fod yn un o blith alwminiwm (AL), gwydr (GL), plastig (PL) neu ddur (ST)"
,PackType_HDC&PackMaterial_invalid(WD|PC|FC|OT),org_id_placeholder,ABC123456,L,2023-P2,SO,HDC,,FC,,,,101,101,Error/Gwall,37,"Packaging material for household drinks containers (HDC) and non-household drinks containers (NDC) must be one of aluminium (AL), glass (GL), plastic (PL) or steel (ST)","Rhaid i'r deunydd pecynwaith ar gyfer cynwysyddion diodydd cartref (HDC) a chynwysyddion diodydd nad ydynt yn gynwysyddion diodydd cartref (NDC) fod yn un o blith alwminiwm (AL), gwydr (GL), plastig (PL) neu ddur (ST)"
,PackType_HDC&PackMaterial_invalid(WD|PC|FC|OT),org_id_placeholder,ABC123456,L,2023-P2,SO,HDC,,OT,ceramic,,,101,101,Error/Gwall,37,"Packaging material for household drinks containers (HDC) and non-household drinks containers (NDC) must be one of aluminium (AL), glass (GL), plastic (PL) or steel (ST)","Rhaid i'r deunydd pecynwaith ar gyfer cynwysyddion diodydd cartref (HDC) a chynwysyddion diodydd nad ydynt yn gynwysyddion diodydd cartref (NDC) fod yn un o blith alwminiwm (AL), gwydr (GL), plastig (PL) neu ddur (ST)"
,PackType_NDC&PackMaterial_invalid(WD|PC|FC|OT),org_id_placeholder,BCD,L,2023-P2,SO,NDC,,WD,,,,101,101,Error/Gwall,37,"Packaging material for household drinks containers (HDC) and non-household drinks containers (NDC) must be one of aluminium (AL), glass (GL), plastic (PL) or steel (ST)","Rhaid i'r deunydd pecynwaith ar gyfer cynwysyddion diodydd cartref (HDC) a chynwysyddion diodydd nad ydynt yn gynwysyddion diodydd cartref (NDC) fod yn un o blith alwminiwm (AL), gwydr (GL), plastig (PL) neu ddur (ST)"
,PackType_NDC&PackMaterial_invalid(WD|PC|FC|OT),org_id_placeholder,BCD,L,2023-P2,SO,NDC,,PC,,,,101,101,Error/Gwall,37,"Packaging material for household drinks containers (HDC) and non-household drinks containers (NDC) must be one of aluminium (AL), glass (GL), plastic (PL) or steel (ST)","Rhaid i'r deunydd pecynwaith ar gyfer cynwysyddion diodydd cartref (HDC) a chynwysyddion diodydd nad ydynt yn gynwysyddion diodydd cartref (NDC) fod yn un o blith alwminiwm (AL), gwydr (GL), plastig (PL) neu ddur (ST)"
,PackType_NDC&PackMaterial_invalid(WD|PC|FC|OT),org_id_placeholder,BCD,L,2023-P2,SO,NDC,,FC,,,,101,101,Error/Gwall,37,"Packaging material for household drinks containers (HDC) and non-household drinks containers (NDC) must be one of aluminium (AL), glass (GL), plastic (PL) or steel (ST)","Rhaid i'r deunydd pecynwaith ar gyfer cynwysyddion diodydd cartref (HDC) a chynwysyddion diodydd nad ydynt yn gynwysyddion diodydd cartref (NDC) fod yn un o blith alwminiwm (AL), gwydr (GL), plastig (PL) neu ddur (ST)"
,PackType_NDC&PackMaterial_invalid(WD|PC|FC|OT),org_id_placeholder,BCD,L,2023-P2,SO,NDC,,OT,ceramic,,,101,101,Error/Gwall,37,"Packaging material for household drinks containers (HDC) and non-household drinks containers (NDC) must be one of aluminium (AL), glass (GL), plastic (PL) or steel (ST)","Rhaid i'r deunydd pecynwaith ar gyfer cynwysyddion diodydd cartref (HDC) a chynwysyddion diodydd nad ydynt yn gynwysyddion diodydd cartref (NDC) fod yn un o blith alwminiwm (AL), gwydr (GL), plastig (PL) neu ddur (ST)"
,PackType_not_NDC|HDC&QuantityUnits_Completed,org_id_placeholder,ABC123456,L,2023-P2,,CW,O1,PL,,SC,,101,101,Error/Gwall,38,Packaging material units not needed for this packaging type,Does dim angen unedau deunydd pecynwaith ar gyfer y math yma o ddeunydd pecynwaith
,PackType_not_NDC|HDC&QuantityUnits_Completed,org_id_placeholder,ABC123456,L,2023-P2,,OW,O2,GL,,SC,,101,101,Error/Gwall,38,Packaging material units not needed for this packaging type,Does dim angen unedau deunydd pecynwaith ar gyfer y math yma o ddeunydd pecynwaith
,PackType_not_NDC|HDC&QuantityUnits_Completed,org_id_placeholder,ABC123456,L,2023-P2,SO,HH,P1,GL,,,,101,101,Error/Gwall,38,Packaging material units not needed for this packaging type,Does dim angen unedau deunydd pecynwaith ar gyfer y math yma o ddeunydd pecynwaith
,PackType_not_NDC|HDC&QuantityUnits_Completed,org_id_placeholder,ABC123456,L,2023-P2,SO,NH,P1,GL,,,,101,101,Error/Gwall,38,Packaging material units not needed for this packaging type,Does dim angen unedau deunydd pecynwaith ar gyfer y math yma o ddeunydd pecynwaith
,PackType_not_NDC|HDC&QuantityUnits_Completed,org_id_placeholder,ABC123456,L,2023-P2,SO,PB,B1,GL,,,,101,101,Error/Gwall,38,Packaging material units not needed for this packaging type,Does dim angen unedau deunydd pecynwaith ar gyfer y math yma o ddeunydd pecynwaith
,PackType_not_NDC|HDC&QuantityUnits_Completed,org_id_placeholder,ABC123456,L,2023-P2,SO,RU,P1,GL,,,,101,101,Error/Gwall,38,Packaging material units not needed for this packaging type,Does dim angen unedau deunydd pecynwaith ar gyfer y math yma o ddeunydd pecynwaith
,PackType_HDC|NDC&QuantityUnits_not_Completed,org_id_placeholder,ABC123,L,2023-P2,SO,HDC,,GL,,,,101,,Error/Gwall,39,Packaging type is household drinks containers (HDC) or non-household drinks containers (NDC) so packaging material quantity must be a whole number,"Cynwysyddion diodydd cartref (HDC) neu gynwysyddion diodydd nad ydynt yn gynwysyddion diodydd cartref (NDC) yw'r math o becynwaith, felly rhaid i swm y deunydd pecynwaith fod yn rhif cyfan"
,PackType_HDC|NDC&QuantityUnits_not_Completed,org_id_placeholder,BCD,L,2023-P2,SO,NDC,,GL,,,,101,,Error/Gwall,39,Packaging type is household drinks containers (HDC) or non-household drinks containers (NDC) so packaging material quantity must be a whole number,"Cynwysyddion diodydd cartref (HDC) neu gynwysyddion diodydd nad ydynt yn gynwysyddion diodydd cartref (NDC) yw'r math o becynwaith, felly rhaid i swm y deunydd pecynwaith fod yn rhif cyfan"
Any valid record (same as the next one),Duplicate record,org_id_placeholder,12,L,2023-P2,PF,HDC,,AL,,,,101,101,Error/Gwall,40,Duplicate information submitted,Gwybodaeth ddyblyg wedi'i chyflwyno
Any valid record (same as the previous one),Duplicate record,org_id_placeholder,12,L,2023-P2,PF,HDC,,AL,,,,101,101,Error/Gwall,40,Duplicate information submitted,Gwybodaeth ddyblyg wedi'i chyflwyno
,PackType_SP&PackActivity_OM&PackgClass_P6&PackMaterial_any (valid record for small organisation),org_id_placeholder,XYZ123ABC,S,2023-P2,OM,SP,P6,GL,,,,101,,Error/Gwall,41,"Organisation size must be L. Currently, only large organisations can report packaging data.","Rhaid i faint y sefydliad fod yn L. Ar hyn o bryd, dim ond sefydliadau mawr sy'n cael rhoi gwybod am ddata pecynwaith."
,PackType_CW|OW&PackActivity_Completed,org_id_placeholder,ABCD,L,2023-P2,SO,CW,O1,PL,,EN,,101,,Error/Gwall,42,"When packaging activity is entered, packaging type cannot be self-managed waste (CW and OW)","Pan fyddwch chi'n rhoi'r gweithgaredd pecynnu, nid yw'r math o becynwaith yn cael bod yn wastraff hunan-reoledig (CW ac OW)"
,PackType_CW|OW&PackActivity_Completed,org_id_placeholder,ABCD,L,2023-P2,SO,OW,O2,PL,,NI,,101,,Error/Gwall,42,"When packaging activity is entered, packaging type cannot be self-managed waste (CW and OW)","Pan fyddwch chi'n rhoi'r gweithgaredd pecynnu, nid yw'r math o becynwaith yn cael bod yn wastraff hunan-reoledig (CW ac OW)"
,PackType_NDC|HDC|HH|NH|SP|PB|RU&PackActivity_not_Completed,org_id_placeholder,ABCD,L,2023-P2,,NDC,,GL,,,,101,101,Error/Gwall,43,"When packaging activity is not entered, packaging type can only be self-managed waste (CW and OW)","Pan na fyddwch chi'n rhoi'r gweithgaredd pecynnu, gwastraff hunan-reoledig (CW ac OW) yw'r unig fath o becynwaith sy'n bosibl"
,PackType_NDC|HDC|HH|NH|SP|PB|RU&PackActivity_not_Completed,org_id_placeholder,ABCD,L,2023-P2,,HH,P1,GL,,,,101,,Error/Gwall,43,"When packaging activity is not entered, packaging type can only be self-managed waste (CW and OW)","Pan na fyddwch chi'n rhoi'r gweithgaredd pecynnu, gwastraff hunan-reoledig (CW ac OW) yw'r unig fath o becynwaith sy'n bosibl"
,PackType_NDC|HDC|HH|NH|SP|PB|RU&PackActivity_not_Completed,org_id_placeholder,ABCD,L,2023-P2,,NH,P2,GL,,,,101,,Error/Gwall,43,"When packaging activity is not entered, packaging type can only be self-managed waste (CW and OW)","Pan na fyddwch chi'n rhoi'r gweithgaredd pecynnu, gwastraff hunan-reoledig (CW ac OW) yw'r unig fath o becynwaith sy'n bosibl"
,PackType_NDC|HDC|HH|NH|SP|PB|RU&PackActivity_not_Completed,org_id_placeholder,ABCD,L,2023-P2,,PB,B1,GL,,,,101,,Error/Gwall,43,"When packaging activity is not entered, packaging type can only be self-managed waste (CW and OW)","Pan na fyddwch chi'n rhoi'r gweithgaredd pecynnu, gwastraff hunan-reoledig (CW ac OW) yw'r unig fath o becynwaith sy'n bosibl"
,PackType_NDC|HDC|HH|NH|SP|PB|RU&PackActivity_not_Completed,org_id_placeholder,ABCD,L,2023-P2,,HDC,,GL,,,,101,101,Error/Gwall,43,"When packaging activity is not entered, packaging type can only be self-managed waste (CW and OW)","Pan na fyddwch chi'n rhoi'r gweithgaredd pecynnu, gwastraff hunan-reoledig (CW ac OW) yw'r unig fath o becynwaith sy'n bosibl"
,PackType_NDC|HDC|HH|NH|SP|PB|RU&PackActivity_not_Completed,org_id_placeholder,ABCD,L,2023-P2,,RU,P1,GL,,,,101,,Error/Gwall,43,"When packaging activity is not entered, packaging type can only be self-managed waste (CW and OW)","Pan na fyddwch chi'n rhoi'r gweithgaredd pecynnu, gwastraff hunan-reoledig (CW ac OW) yw'r unig fath o becynwaith sy'n bosibl"
,Submission period is missing,org_id_placeholder,12,L,,PF,HDC,,AL,,,,101,101,Error/Gwall,44,Enter the time period for submission,Rhowch y cyfnod amser ar gyfer y cyflwyniad
,Pack_material_subtype_incorrect_or_missing,org_id_placeholder,BCD,L,2023-P2,HL,HH,P1,OT,,,,101,,Error/Gwall,45,"When packaging material is other (OT), you must enter the name of the material in packaging material subtype. It must not include numbers or commas.","Pan fo'r deunydd pecynwaith yn arall (OT), rhaid ichi nodi enw'r deunydd mewn is-deip deunydd pecynwaith. Ni chaniateir rhifau na choma."
,Pack_material_subtype_incorrect_or_missing,org_id_placeholder,BCD,L,2023-P2,HL,HH,P1,OT,1,,,101,,Error/Gwall,45,"When packaging material is other (OT), you must enter the name of the material in packaging material subtype. It must not include numbers or commas.","Pan fo'r deunydd pecynwaith yn arall (OT), rhaid ichi nodi enw'r deunydd mewn is-deip deunydd pecynwaith. Ni chaniateir rhifau na choma."
"This record produces also warning ""62""",subsidiary_id_incorrect,org_id_placeholder,ÃBC123,L,2023-P2,PF,HDC,,AL,,,,101,101,Error/Gwall,46,"Subsidiary ID must only include letters a to z, and numbers. It must be 32 characters or less.","Mae'r ID atodol yn cael cynnwys y llythrennau a i z, a rhifau yn unig. Rhaid iddo fod yn 32 o gymeriadau neu lai."
"This record produces also warning ""62""",subsidiary_id_incorrect,org_id_placeholder,ABCDEFGHIJKLMNOPQRSTUVWXYZ1234567,L,2023-P2,PF,HDC,,AL,,,,101,101,Error/Gwall,46,"Subsidiary ID must only include letters a to z, and numbers. It must be 32 characters or less.","Mae'r ID atodol yn cael cynnwys y llythrennau a i z, a rhifau yn unig. Rhaid iddo fod yn 32 o gymeriadau neu lai."
,PackMaterial_not_OT&SubMaterial_completed,org_id_placeholder,XYZ123ABC,L,2023-P2,SO,HH,P1,WD,ceramic,,,101,,Error/Gwall,47,Packaging material subtype not needed for this packaging material,Dim angen is-deip pecynwaith ar gyfer y math pecynwaith yma
,PackMaterial_not_OT&SubMaterial_completed,org_id_placeholder,XYZ123ABC,L,2023-P2,SO,HH,P1,AL,ceramic,,,101,,Error/Gwall,47,Packaging material subtype not needed for this packaging material,Dim angen is-deip pecynwaith ar gyfer y math pecynwaith yma
,PackMaterial_not_OT&SubMaterial_completed,org_id_placeholder,XYZ123ABC,L,2023-P2,SO,HH,P1,ST,ceramic,,,101,,Error/Gwall,47,Packaging material subtype not needed for this packaging material,Dim angen is-deip pecynwaith ar gyfer y math pecynwaith yma
,PackMaterial_not_OT&SubMaterial_completed,org_id_placeholder,XYZ123ABC,L,2023-P2,SO,HH,P1,GL,ceramic,,,101,,Error/Gwall,47,Packaging material subtype not needed for this packaging material,Dim angen is-deip pecynwaith ar gyfer y math pecynwaith yma
,PackMaterial_not_OT&SubMaterial_completed,org_id_placeholder,XYZ123ABC,L,2023-P2,SO,HH,P1,PC,ceramic,,,101,,Error/Gwall,47,Packaging material subtype not needed for this packaging material,Dim angen is-deip pecynwaith ar gyfer y math pecynwaith yma
,PackMaterial_not_OT&SubMaterial_completed,org_id_placeholder,XYZ123ABC,L,2023-P2,SO,HH,P1,FC,ceramic,,,101,,Error/Gwall,47,Packaging material subtype not needed for this packaging material,Dim angen is-deip pecynwaith ar gyfer y math pecynwaith yma
,PackMaterial_not_OT&SubMaterial_completed,org_id_placeholder,ABC123,L,2023-P2,SO,HH,P1,PL,ceramic,,,101,,Error/Gwall,47,Packaging material subtype not needed for this packaging material,Dim angen is-deip pecynwaith ar gyfer y math pecynwaith yma
,PackType_CW|OW_transferred_weight_less_than_collected,org_id_placeholder,ABCDE12345XYZ,L,2023-P2,,CW,O1,PL,,WS,NI,101,,Error/Gwall,48,"Total weight of a single packaging material transferred to any country must not be more than the total collected. For example, you cannot transfer more plastic than you collect. Check the weight of this packaging material transferred to another country for all rows for this organisation.","Ni chaiff cyfanswm pwysau unrhyw un deunydd pecynwaith sy'n cael ei drosglwyddo i unrhyw wlad fod yn fwy na'r cyfanswm a gasglwyd. Er enghraifft, allwch chi ddim trosglwyddo mwy o blastig nag rydych chi'n ei gasglu. Gwiriwch bwysau'r deunydd pecynwaith yma sy'n cael ei drosglwyddo i wlad arall ym mhob rhes ar gyfer y sefydliad yma."
,PackType_CW|OW_transferred_weight_less_than_collected,org_id_placeholder,ABCDE12345XYZ,L,2023-P2,,OW,O2,ST,,NI,SC,101,,Error/Gwall,48,"Total weight of a single packaging material transferred to any country must not be more than the total collected. For example, you cannot transfer more plastic than you collect. Check the weight of this packaging material transferred to another country for all rows for this organisation.","Ni chaiff cyfanswm pwysau unrhyw un deunydd pecynwaith sy'n cael ei drosglwyddo i unrhyw wlad fod yn fwy na'r cyfanswm a gasglwyd. Er enghraifft, allwch chi ddim trosglwyddo mwy o blastig nag rydych chi'n ei gasglu. Gwiriwch bwysau'r deunydd pecynwaith yma sy'n cael ei drosglwyddo i wlad arall ym mhob rhes ar gyfer y sefydliad yma."
,PackType_CW|OW&FromNation_not_Completed,org_id_placeholder,,L,2023-P2,,OW,O1,AL,,,,101,,Error/Gwall,49,"When packaging type is self-managed waste (CW and OW), you must enter the from country","Pan fo'r math pecynwaith yn wastraff hunan-reoledig (CW ac OW), rhaid ichi roi'r wlad mae'n tarddu ohoni"
,PackType_CW|OW&FromNation_not_Completed,org_id_placeholder,,L,2023-P2,,CW,O1,PL,,,,101,,Error/Gwall,49,"When packaging type is self-managed waste (CW and OW), you must enter the from country","Pan fo'r math pecynwaith yn wastraff hunan-reoledig (CW ac OW), rhaid ichi roi'r wlad mae'n tarddu ohoni"
Any valid record (submission period is different from others),Different submission period for one organisation,org_id_placeholder,12,L,2023-P1,SO,HDC,,PL,,,,101,101,Error/Gwall,50,Submission period must be the same for all of this organisation's packaging data,Rhaid i'r cyfnod amser ar gyfer cyflwyno fod yr un fath ar gyfer holl ddata pecynwaith y sefydliad yma
,PackMaterial_OT&SubMaterial_plastic|HDPE|PET,org_id_placeholder,BCD,L,2023-P2,,OW,O2,OT,plastic,EN,,101,,Error/Gwall,51,"Packaging material subtype cannot be plastic, HDPE or PET","Nid yw is-deip y deunydd pecynwaith yn gallu bod yn blastig, HDPE neu PET"
,PackMaterial_OT&SubMaterial_plastic|HDPE|PET,org_id_placeholder,BCD,L,2023-P2,,OW,O2,OT,HDPE,EN,,101,,Error/Gwall,51,"Packaging material subtype cannot be plastic, HDPE or PET","Nid yw is-deip y deunydd pecynwaith yn gallu bod yn blastig, HDPE neu PET"
,PackMaterial_OT&SubMaterial_plastic|HDPE|PET,org_id_placeholder,BCD,L,2023-P2,,OW,O2,OT,PET,EN,,101,,Error/Gwall,51,"Packaging material subtype cannot be plastic, HDPE or PET","Nid yw is-deip y deunydd pecynwaith yn gallu bod yn blastig, HDPE neu PET"
,OrgSizw_L&PackType_invalid(SP),org_id_placeholder,XYZ123ABC,L,2023-P2,PF,SP,P3,FC,,,,101,,Error/Gwall,53,"When organisation size is large (L), packaging type cannot be small organisation packaging - all (SP)","Pan fo maint y sefydliad yn fawr (L), ni chaniateir i'r math pecynwaith fod yn becynwaith sefydliad bach – y cyfan (SP)"
Submission period should always be +1 (if others 2023-P2 this one should be 2023-P3),Wrong submisson period,org_id_placeholder,123ABC456XYZ,L,2023-P3,IM,HDC,,ST,,,,101,101,Error/Gwall,54,You're reporting packaging data for January to June 2023. Submission period must be 2023-P1 or 2023-P2.,Rydych chi'n rhoi gwybod am ddata pecynwaith ar gyfer Ionawr i Fehefin 2023. Rhaid i'r cyfnod cyflwyno fod yn 2023-P1 neu 2023-P2.
,Pack_material_weight_less_100,org_id_placeholder,ABC123,L,2023-P2,IM,HDC,,ST,,,,99,99,Warning/Rhybudd,59,Packaging material weight is less than 100. Check all packaging weights are in kg and not tonnes.,Mae pwysau'r deunydd pecynwaith yn llai na 100. Gwiriwch fod yr holl bwysau pecynwaith mewn kg ac nid tunelli.
Subsidiary Id should be unique in this file,One_pack_material(OT)_for_Org_Id|Sub_Id,org_id_placeholder,ABC1235435Ghjd,L,2023-P2,HL,HH,P1,OT,ceramic,,,101,,Warning/Rhybudd,62,Only one packaging material reported for this organisation. Check you have entered all packaging materials. All must be reported separately.,Rydych chi wedi rhoi gwybod am un deunydd pecynwaith yn unig ar gyfer y sefydliad yma. Gwiriwch eich bod wedi rhoi pob deunydd pecynwaith. Rhaid ichi roi gwybod am bob un ar wahân.
Subsidiary Id should be unique in this file,One_pack_material(not OT)_for_Org_Id|Sub_Id,org_id_placeholder,ABC1235435Ghjdty,L,2023-P2,SO,NDC,,PL,,,,101,101,Warning/Rhybudd,62,Only one packaging material reported for this organisation. Check you have entered all packaging materials. All must be reported separately.,Rydych chi wedi rhoi gwybod am un deunydd pecynwaith yn unig ar gyfer y sefydliad yma. Gwiriwch eich bod wedi rhoi pob deunydd pecynwaith. Rhaid ichi roi gwybod am bob un ar wahân.
,PackType_CW&PackMaterial_PC|GL|AL|ST,org_id_placeholder,ABC123,L,2023-P2,,CW,O1,PC,,NI,,101,,Warning/Rhybudd,63,"For self-managed consumer waste (CW), you may not be able to offset your own packaging against aluminium (AL), glass (GL), paper or card (PC), or steel (ST). To check what packaging materials you can offset, you'll need to contact your nation's environmental regulator.","Yn achos gwastraff defnyddwyr hunan-reoledig (CW), mae'n bosibl na fyddwch chi'n gallu gwrthbwyso'ch pecynwaith eich hunan yn erbyn alwminiwm (AL), gwydr (GL), papur neu gerdyn (PC), neu ddur (ST). I wirio pa ddeunyddiau pecynwaith y gallwch eu gwrthbwyso, bydd angen ichi gysylltu â rheoleiddiwr amgylcheddol eich gwlad."
,PackType_CW&PackMaterial_PC|GL|AL|ST,org_id_placeholder,ABC123,L,2023-P2,,CW,O1,GL,,NI,,101,,Warning/Rhybudd,63,"For self-managed consumer waste (CW), you may not be able to offset your own packaging against aluminium (AL), glass (GL), paper or card (PC), or steel (ST). To check what packaging materials you can offset, you'll need to contact your nation's environmental regulator.","Yn achos gwastraff defnyddwyr hunan-reoledig (CW), mae'n bosibl na fyddwch chi'n gallu gwrthbwyso'ch pecynwaith eich hunan yn erbyn alwminiwm (AL), gwydr (GL), papur neu gerdyn (PC), neu ddur (ST). I wirio pa ddeunyddiau pecynwaith y gallwch eu gwrthbwyso, bydd angen ichi gysylltu â rheoleiddiwr amgylcheddol eich gwlad."
,PackType_CW&PackMaterial_PC|GL|AL|ST,org_id_placeholder,ABC123,L,2023-P2,,CW,O1,AL,,NI,,101,,Warning/Rhybudd,63,"For self-managed consumer waste (CW), you may not be able to offset your own packaging against aluminium (AL), glass (GL), paper or card (PC), or steel (ST). To check what packaging materials you can offset, you'll need to contact your nation's environmental regulator.","Yn achos gwastraff defnyddwyr hunan-reoledig (CW), mae'n bosibl na fyddwch chi'n gallu gwrthbwyso'ch pecynwaith eich hunan yn erbyn alwminiwm (AL), gwydr (GL), papur neu gerdyn (PC), neu ddur (ST). I wirio pa ddeunyddiau pecynwaith y gallwch eu gwrthbwyso, bydd angen ichi gysylltu â rheoleiddiwr amgylcheddol eich gwlad."
,PackType_CW&PackMaterial_PC|GL|AL|ST,org_id_placeholder,ABC123,L,2023-P2,,CW,O1,ST,,NI,,101,,Warning/Rhybudd,63,"For self-managed consumer waste (CW), you may not be able to offset your own packaging against aluminium (AL), glass (GL), paper or card (PC), or steel (ST). To check what packaging materials you can offset, you'll need to contact your nation's environmental regulator.","Yn achos gwastraff defnyddwyr hunan-reoledig (CW), mae'n bosibl na fyddwch chi'n gallu gwrthbwyso'ch pecynwaith eich hunan yn erbyn alwminiwm (AL), gwydr (GL), papur neu gerdyn (PC), neu ddur (ST). I wirio pa ddeunyddiau pecynwaith y gallwch eu gwrthbwyso, bydd angen ichi gysylltu â rheoleiddiwr amgylcheddol eich gwlad."
,Pack_units_less_than_pack_weight&Pack_Type_HDC,org_id_placeholder,123ABC456XYZ,L,2023-P2,SO,HDC,,PL,,,,101,100,Warning/Rhybudd,64,Check packaging material weight (kg) and units are correct,Gwiriwch fod pwysau'r deunydd pecynwaith (kg) a'r unedau yn gywir
,Pack_units_less_than_pack_weight&Pack_Type_NDC,org_id_placeholder,123ABC456XYZ,L,2023-P2,PF,NDC,,AL,,,,101,100,Warning/Rhybudd,64,Check packaging material weight (kg) and units are correct,Gwiriwch fod pwysau'r deunydd pecynwaith (kg) a'r unedau yn gywir